Cluster,Syllabification,Prop Responses,Prediction,Difference,
,,,,,
M P,,,,,
,,,,,
,.M P,0.02760938,0,0.02760938,
,,,,0,
,M.P,0.87791256,0.751878061,0.126034499,
,,,,0,
,M P.,0.09353109,0.248121939,-0.154590849,
,,,,0,
,?.?,0.00094697,,0.00094697,
,,,,0,
T,,,,0,
,,,,0,
,.T,0.755293783,0.341789665,0.413504118,
,,,,0,
,T.,0.23950025,0.658210335,-0.418710085,
,,,,0,
,?.?,0.005205967,,0.005205967,
,,,,0,
N Y,,,,0,
,,,,0,
,.N Y,0.136355886,0,0.136355886,
,,,,0,
,N.Y,0.831956854,1,-0.168043146,
,,,,0,
,N Y.,0.026328595,0,0.026328595,
,,,,0,
,?.?,0.005358665,,0.005358665,
,,,,0,
N,,,,0,
,,,,0,
,.N,0.628873172,0.161335756,0.467537416,
,,,,0,
,N.,0.362746449,0.838664244,-0.475917795,
,,,,0,
,?.?,0.00838038,,0.00838038,
,,,,0,
N T R,,,,0,
,,,,0,
,.N T R,0.015720873,0,0.015720873,
,,,,0,
,N.T R,0.917077216,0.461310319,0.455766897,
,,,,0,
,N T.R,0.051490448,0.538689681,-0.487199233,
,,,,0,
,N T R.,0.015711462,0,0.015711462,
,,,,0,
,?.?,0,,0,
,,,,0,
ZH,,,,0,
,,,,0,
,.ZH,0.861847042,0.143772044,0.718074998,
,,,,0,
,ZH.,0.138152958,0.856227956,-0.718074998,
,,,,0,
,?.?,0,,0,
,,,,0,
S,,,,0,
,,,,0,
,.S,0.683947226,0.593565693,0.090381534,
,,,,0,
,S.,0.310603094,0.406434307,-0.095831213,
,,,,0,
,?.?,0.005449679,,0.005449679,
,,,,0,
L V,,,,0,
,,,,0,
,.L V,0.016551383,0,0.016551383,
,,,,0,
,L.V,0.926309289,0.939297396,-0.012988108,
,,,,0,
,L V.,0.057139328,0.060702604,-0.003563276,
,,,,0,
,?.?,0,,0,
,,,,0,
B,,,,0,
,,,,0,
,.B,0.801501067,0.895220183,-0.093719116,
,,,,0,
,B.,0.192903727,0.104779817,0.08812391,
,,,,0,
,?.?,0.005595206,,0.005595206,
,,,,0,
K,,,,0,
,,,,0,
,.K,0.720922638,0.689147854,0.031774785,
,,,,0,
,K.,0.273955663,0.310852146,-0.036896484,
,,,,0,
,?.?,0.005121699,,0.005121699,
,,,,0,
L L,,,,0,
,,,,0,
,.L L,0.090909091,0,0.090909091,
,,,,0,
,L.L,0.884090909,1,-0.115909091,
,,,,0,
,L L.,0.025,0,0.025,
,,,,0,
,?.?,0,,0,
,,,,0,
P R,,,,0,
,,,,0,
,.P R,0.749334872,0.907551998,-0.158217126,
,,,,0,
,P.R,0.23725158,0.092448002,0.144803579,
,,,,0,
,P R.,0.008065954,0,0.008065954,
,,,,0,
,?.?,0.005347594,,0.005347594,
,,,,0,
N S,,,,0,
,,,,0,
,.N S,0.009048848,0,0.009048848,
,,,,0,
,N.S,0.93995283,0.691125038,0.248827792,
,,,,0,
,N S.,0.04821539,0.308874962,-0.260659572,
,,,,0,
,?.?,0.002782931,,0.002782931,
,,,,0,
T L,,,,0,
,,,,0,
,.T L,0.043577075,0,0.043577075,
,,,,0,
,T.L,0.948158462,1,-0.051841538,
,,,,0,
,T L.,0.008264463,0,0.008264463,
,,,,0,
,?.?,0,,0,
,,,,0,
K S T,,,,0,
,,,,0,
,.K S T,0.021043478,0,0.021043478,
,,,,0,
,K.S T,0.359252964,0.712885123,-0.353632159,
,,,,0,
,K S.T,0.601660079,0.205005763,0.396654316,
,,,,0,
,K S T.,0.018043478,0.082109114,-0.064065636,
,,,,0,
,?.?,0,,0,
,,,,0,
K T,,,,0,
,,,,0,
,.K T,0.046499815,0,0.046499815,
,,,,0,
,K.T,0.887365477,0.482352168,0.405013309,max onset?
,,,,0,
,K T.,0.064451206,0.517647832,-0.453196626,
,,,,0,
,?.?,0.001683502,,0.001683502,
,,,,0,
S T,,,,0,
,,,,0,
,.S T,0.383350111,0.317360727,0.065989384,
,,,,0,
,S.T,0.529323951,0.178631922,0.350692029,
,,,,0,
,S T.,0.086072596,0.504007351,-0.417934756,max onset/morphology?
,,,,0,
,?.?,0.001253342,,0.001253342,
,,,,0,
D,,,,0,
,,,,0,
,.D,0.761905568,0.641468681,0.120436887,
,,,,0,
,D.,0.233671576,0.358531319,-0.124859743,
,,,,0,
,?.?,0.004422856,,0.004422856,
,,,,0,
N D,,,,0,
,,,,0,
,.N D,0.019820665,0,0.019820665,
,,,,0,
,N.D,0.898094362,0.838663424,0.059430937,
,,,,0,
,N D.,0.08017695,0.161336576,-0.081159625,
,,,,0,
,?.?,0.001908023,,0.001908023,
,,,,0,
M,,,,0,
,,,,0,
,.M,0.693389813,0.670971605,0.022418208,
,,,,0,
,M.,0.30338024,0.329028395,-0.025648155,
,,,,0,
,?.?,0.003229947,,0.003229947,
,,,,0,
K S,,,,0,
,,,,0,
,.K S,0.126815033,0,0.126815033,
,,,,0,
,K.S,0.696053946,0.740831755,-0.044777809,
,,,,0,
,K S.,0.171536616,0.259168245,-0.087631629,
,,,,0,
,?.?,0.005594406,,0.005594406,
,,,,0,
CH,,,,0,
,,,,0,
,.CH,0.607776949,0.634999205,-0.027222256,
,,,,0,
,CH.,0.382993854,0.365000795,0.017993058,
,,,,0,
,?.?,0.009229197,,0.009229197,
,,,,0,
N JH,,,,0,
,,,,0,
,.N JH,0.022312441,0,0.022312441,
,,,,0,
,N.JH,0.912625918,0.852153705,0.060472212,
,,,,0,
,N JH.,0.060478308,0.147846295,-0.087367987,
,,,,0,
,?.?,0.004583333,,0.004583333,
,,,,0,
M L,,,,0,
,,,,0,
,.M L,0.032272727,0,0.032272727,
,,,,0,
,M.L,0.963181818,1,-0.036818182,
,,,,0,
,M L.,0.004545455,0,0.004545455,
,,,,0,
,?.?,0,,0,
,,,,0,
V,,,,0,
,,,,0,
,.V,0.757667343,0.540175367,0.217491976,
,,,,0,
,V.,0.2391758,0.459824633,-0.220648833,
,,,,0,
,?.?,0.003156858,,0.003156858,
,,,,0,
N V,,,,0,
,,,,0,
,.N V,0.009693205,0,0.009693205,
,,,,0,
,N.V,0.983005934,1,-0.016994066,
,,,,0,
,N V.,0.007300861,0,0.007300861,
,,,,0,
,?.?,0,,0,
,,,,0,
P L,,,,0,
,,,,0,
,.P L,0.504504292,0.799965571,-0.295461278,
,,,,0,
,P.L,0.489738705,0.200034429,0.289704276,
,,,,0,
,P L.,0.005757003,0,0.005757003,
,,,,0,
,?.?,0,,0,
,,,,0,
S P,,,,0,
,,,,0,
,.S P,0.367029663,0.389120107,-0.022090444,
,,,,0,
,S.P,0.606167062,0.589154387,0.017012675,
,,,,0,
,S P.,0.023245963,0.021725506,0.001520456,
,,,,0,
,?.?,0.003557312,,0.003557312,
,,,,0,
M B,,,,0,
,,,,0,
,.M B,0.024965605,0,0.024965605,
,,,,0,
,M.B,0.942878317,1,-0.057121683,
,,,,0,
,M B.,0.027502398,0,0.027502398,
,,,,0,
,?.?,0.00465368,,0.00465368,
,,,,0,
Z,,,,0,
,,,,0,
,.Z,0.778412924,0.150292046,0.628120879,
,,,,0,
,Z.,0.218802469,0.849707954,-0.630905485,
,,,,0,
,?.?,0.002784607,,0.002784607,
,,,,0,
N D W,,,,0,
,,,,0,
,.N D W,0.023809524,0,0.023809524,
,,,,0,
,N.D W,0.222619048,0.162297238,0.060321809,
,,,,0,
,N D.W,0.753571429,0.837702762,-0.084131333,
,,,,0,
,N D W.,0,0,0,
,,,,0,
,?.?,0,,0,
,,,,0,
L,,,,0,
,,,,0,
,.L,0.637775859,0.278239758,0.359536101,
,,,,0,
,L.,0.355341803,0.721760242,-0.366418439,
,,,,0,
,?.?,0.006882338,,0.006882338,
,,,,0,
G,,,,0,
,,,,0,
,.G,0.748879517,0.769879261,-0.020999744,
,,,,0,
,G.,0.24548866,0.230120739,0.015367921,
,,,,0,
,?.?,0.005631823,,0.005631823,
,,,,0,
F,,,,0,
,,,,0,
,.F,0.813651526,0.854141838,-0.040490312,
,,,,0,
,F.,0.182865125,0.145858162,0.037006963,
,,,,0,
,?.?,0.003483349,,0.003483349,
,,,,0,
T R,,,,0,
,,,,0,
,.T R,0.771883291,0.416968541,0.35491475,
,,,,0,
,T.R,0.214400178,0.583031459,-0.368631281,
,,,,0,
,T R.,0.005130672,0,0.005130672,
,,,,0,
,?.?,0.008585859,,0.008585859,
,,,,0,
JH,,,,0,
,,,,0,
,.JH,0.688436544,0.592288428,0.096148116,
,,,,0,
,JH.,0.305115937,0.407711572,-0.102595635,
,,,,0,
,?.?,0.006447519,,0.006447519,
,,,,0,
R D,,,,0,
,,,,0,
,.R D,0.014978565,0,0.014978565,
,,,,0,
,R.D,0.880304917,0.662737112,0.217567805,
,,,,0,
,R D.,0.099653784,0.337262888,-0.237609103,
,,,,0,
,?.?,0.005062734,,0.005062734,
,,,,0,
R T,,,,0,
,,,,0,
,.R T,0.006148441,0,0.006148441,
,,,,0,
,R.T,0.910404877,0.479502777,0.4309021,
,,,,0,
,R T.,0.080801179,0.520497223,-0.439696044,
,,,,0,
,?.?,0.002645503,,0.002645503,
,,,,0,
L Y,,,,0,
,,,,0,
,.L Y,0.114630388,0,0.114630388,
,,,,0,
,L.Y,0.800825805,1,-0.199174195,
,,,,0,
,L Y.,0.065705973,0,0.065705973,
,,,,0,
,?.?,0.018837835,,0.018837835,
,,,,0,
NG L,,,,0,
,,,,0,
,.NG L,0.095454546,0,0.095454546,
,,,,0,
,NG.L,0.881818182,1,-0.118181818,
,,,,0,
,NG L.,0.022727273,0,0.022727273,
,,,,0,
,?.?,0,,0,
,,,,0,
P,,,,0,
,,,,0,
,.P,0.768403587,0.850143938,-0.081740352,
,,,,0,
,P.,0.229162209,0.149856062,0.079306147,
,,,,0,
,?.?,0.002434205,,0.002434205,
,,,,0,
N T,,,,0,
,,,,0,
,.N T,0.029475477,0,0.029475477,
,,,,0,
,N.T,0.909321917,0.383393932,0.525927985,
,,,,0,
,N T.,0.057822776,0.616606068,-0.558783292,
,,,,0,
,?.?,0.00337983,,0.00337983,
,,,,0,
R M,,,,0,
,,,,0,
,.R M,0.006840985,0,0.006840985,
,,,,0,
,R.M,0.927135908,0.7875296,0.139606308,
,,,,0,
,R M.,0.062526604,0.2124704,-0.149943796,
,,,,0,
,?.?,0.003496503,,0.003496503,
,,,,0,
L K R,,,,0,
,,,,0,
,.L K R,0,0,0,
,,,,0,
,L.K R,1,0.963728409,0.036271591,
,,,,0,
,L K.R,0,0.036271591,-0.036271591,
,,,,0,
,L K R.,0,0,0,
,,,,0,
,?.?,0,,0,
,,,,0,
P S T,,,,0,
,,,,0,
,.P S T,0.015151515,0,0.015151515,
,,,,0,
,P.S T,0.900329381,0.826900585,0.073428796,
,,,,0,
,P S.T,0.076185771,0.173099415,-0.096913644,
,,,,0,
,P S T.,0,0,0,
,,,,0,
,?.?,0.008333333,,0.008333333,
,,,,0,
SH,,,,0,
,,,,0,
,.SH,0.774986769,0.545965487,0.229021282,
,,,,0,
,SH.,0.2212728,0.454034513,-0.232761712,
,,,,0,
,?.?,0.003740431,,0.003740431,
,,,,0,
D R,,,,0,
,,,,0,
,.D R,0.761881959,0.297579921,0.464302038,
,,,,0,
,D.R,0.211148344,0.702420079,-0.491271735,
,,,,0,
,D R.,0.026969697,0,0.026969697,
,,,,0,
,?.?,0,,0,
,,,,0,
K L,,,,0,
,,,,0,
,.K L,0.563108458,0.547579325,0.015529133,
,,,,0,
,K.L,0.430492144,0.452420675,-0.021928531,
,,,,0,
,K L.,0.006399398,0,0.006399398,
,,,,0,
,?.?,0,,0,
,,,,0,
P SH,,,,0,
,,,,0,
,.P SH,0.037705628,0,0.037705628,
,,,,0,
,P.SH,0.943679654,1,-0.056320346,
,,,,0,
,P SH.,0.018614719,0,0.018614719,
,,,,0,
,?.?,0,,0,
,,,,0,
S CH,,,,0,
,,,,0,
,.S CH,0.193478261,0,0.193478261,
,,,,0,
,S.CH,0.715443252,1,-0.284556748,
,,,,0,
,S CH.,0.058610954,0,0.058610954,
,,,,0,
,?.?,0.032467532,,0.032467532,
,,,,0,
N F,,,,0,
,,,,0,
,.N F,0.01129329,0,0.01129329,
,,,,0,
,N.F,0.985865801,1,-0.014134199,
,,,,0,
,N F.,0,0,0,
,,,,0,
,?.?,0.002840909,,0.002840909,
,,,,0,
S T R,,,,0,
,,,,0,
,.S T R,0.454282445,0.321885936,0.132396509,
,,,,0,
,S.T R,0.485631569,0.222433356,0.263198213,
,,,,0,
,S T.R,0.057693641,0.455680708,-0.397987067,
,,,,0,
,S T R.,0.002392344,0,0.002392344,
,,,,0,
,?.?,0,,0,
,,,,0,
NG K,,,,0,
,,,,0,
,.NG K,0.048277592,0,0.048277592,
,,,,0,
,NG.K,0.7653469,0.389066104,0.376280795,
,,,,0,
,NG K.,0.182955016,0.610933896,-0.42797888,
,,,,0,
,?.?,0.003420493,,0.003420493,
,,,,0,
D L,,,,0,
,,,,0,
,.D L,0.133761528,0,0.133761528,
,,,,0,
,D.L,0.853178524,1,-0.146821476,
,,,,0,
,D L.,0.008514493,0,0.008514493,
,,,,0,
,?.?,0.004545455,,0.004545455,
,,,,0,
T S,,,,0,
,,,,0,
,.T S,0.185601355,0,0.185601355,
,,,,0,
,T.S,0.741953699,0.997522948,-0.255569249,
,,,,0,
,T S.,0.072444946,0.002477052,0.069967894,
,,,,0,
,?.?,0,,0,
,,,,0,
N Z,,,,0,
,,,,0,
,.N Z,0.03030303,0,0.03030303,
,,,,0,
,N.Z,0.884559885,0.806957886,0.077601998,
,,,,0,
,N Z.,0.085137085,0.193042114,-0.107905029,
,,,,0,
,?.?,0,,0,
,,,,0,
DH S,,,,0,
,,,,0,
,.DH S,0.1,0,0.1,
,,,,0,
,DH.S,0.9,1,-0.1,
,,,,0,
,DH S.,0,0,0,
,,,,0,
,?.?,0,,0,
,,,,0,
L F,,,,0,
,,,,0,
,.L F,0.022253788,0,0.022253788,
,,,,0,
,L.F,0.927597991,0.966331625,-0.038733634,
,,,,0,
,L F.,0.038784585,0.033668375,0.00511621,
,,,,0,
,?.?,0.011363636,,0.011363636,
,,,,0,
M P R,,,,0,
,,,,0,
,.M P R,0.010869565,0,0.010869565,
,,,,0,
,M.P R,0.934782609,0.839838635,0.094943974,
,,,,0,
,M P.R,0.054347826,0.160161365,-0.105813539,
,,,,0,
,M P R.,0,0,0,
,,,,0,
,?.?,0,,0,
,,,,0,
DH,,,,0,
,,,,0,
,.DH,0.709383997,0.557394746,0.151989251,
,,,,0,
,DH.,0.284587504,0.442605254,-0.158017749,
,,,,0,
,?.?,0.006028498,,0.006028498,
,,,,0,
T M,,,,0,
,,,,0,
,.T M,0.033643892,0,0.033643892,
,,,,0,
,T.M,0.954451346,1,-0.045548654,
,,,,0,
,T M.,0.011904762,0,0.011904762,
,,,,0,
,?.?,0,,0,
,,,,0,
R,,,,0,
,,,,0,
,.R,0.375587741,0.800227194,-0.424639453,
,,,,0,
,R.,0.617435682,0.199772806,0.417662876,
,,,,0,
,?.?,0.006976577,,0.006976577,
,,,,0,
S K,,,,0,
,,,,0,
,.S K,0.222922379,0.253127291,-0.030204912,
,,,,0,
,S.K,0.700915227,0.689444587,0.01147064,
,,,,0,
,S K.,0.066638585,0.057428123,0.009210462,
,,,,0,
,?.?,0.00952381,,0.00952381,
,,,,0,
NG G W,,,,0,
,,,,0,
,.NG G W,0.027272727,0,0.027272727,
,,,,0,
,NG.G W,0.845844156,1,-0.154155844,
,,,,0,
,NG G.W,0.12038961,0,0.12038961,
,,,,0,
,NG G W.,0,0,0,
,,,,0,
,?.?,0.006493506,,0.006493506,
,,,,0,
M W,,,,0,
,,,,0,
,.M W,0.05,0,0.05,
,,,,0,
,M.W,0.475,1,-0.525,
,,,,0,
,M W.,0.475,0,0.475,
,,,,0,
,?.?,0,,0,
,,,,0,
N CH M,,,,0,
,,,,0,
,.N CH M,0,0,0,
,,,,0,
,N.CH M,0.15,0,0.15,
,,,,0,
,N CH.M,0.85,1,-0.15,
,,,,0,
,N CH M.,0,0,0,
,,,,0,
,?.?,0,,0,
,,,,0,
TH,,,,0,
,,,,0,
,.TH,0.592975363,0.554167412,0.038807951,
,,,,0,
,TH.,0.404418405,0.445832588,-0.041414183,
,,,,0,
,?.?,0.002606232,,0.002606232,
,,,,0,
W,,,,0,
,,,,0,
,.W,0.977931489,1,-0.022068511,
,,,,0,
,W.,0.018445323,0,0.018445323,
,,,,0,
,?.?,0.003623188,,0.003623188,
,,,,0,
G P,,,,0,
,,,,0,
,.G P,0,0,0,
,,,,0,
,G.P,1,1,0,
,,,,0,
,G P.,0,0,0,
,,,,0,
,?.?,0,,0,
,,,,0,
L B,,,,0,
,,,,0,
,.L B,0.007575757,0,0.007575757,
,,,,0,
,L.B,0.979090909,0.997198403,-0.018107494,
,,,,0,
,L B.,0.006666667,0.002801597,0.00386507,
,,,,0,
,?.?,0.006666667,,0.006666667,
,,,,0,
D V,,,,0,
,,,,0,
,.D V,0.048412698,0,0.048412698,
,,,,0,
,D.V,0.927777778,1,-0.072222222,
,,,,0,
,D V.,0.023809524,0,0.023809524,
,,,,0,
,?.?,0,,0,
,,,,0,
HH,,,,0,
,,,,0,
,.HH,0.918972332,1,-0.081027668,
,,,,0,
,HH.,0.081027668,0,0.081027668,
,,,,0,
,?.?,0,,0,
,,,,0,
N D L,,,,0,
,,,,0,
,.N D L,0.017637164,0,0.017637164,
,,,,0,
,N.D L,0.307181677,0,0.307181677,
,,,,0,
,N D.L,0.651642199,1,-0.348357802,
,,,,0,
,N D L.,0.023538961,0,0.023538961,
,,,,0,
,?.?,0,,0,
,,,,0,
P S,,,,0,
,,,,0,
,.P S,0.072895257,0,0.072895257,
,,,,0,
,P.S,0.862472709,0.797029703,0.065443006,
,,,,0,
,P S.,0.058679654,0.202970297,-0.144290643,
,,,,0,
,?.?,0.005952381,,0.005952381,
,,,,0,
G Z,,,,0,
,,,,0,
,.G Z,0.059307359,0,0.059307359,
,,,,0,
,G.Z,0.653869048,1,-0.346130952,
,,,,0,
,G Z.,0.286823593,0,0.286823593,
,,,,0,
,?.?,0,,0,
,,,,0,
L K,,,,0,
,,,,0,
,.L K,0,0,0,
,,,,0,
,L.K,0.836709486,0.984911891,-0.148202405,
,,,,0,
,L K.,0.163290514,0.015088109,0.148202405,
,,,,0,
,?.?,0,,0,
,,,,0,
Z D,,,,0,
,,,,0,
,.Z D,0,0,0,
,,,,0,
,Z.D,1,1,0,
,,,,0,
,Z D.,0,0,0,
,,,,0,
,?.?,0,,0,
,,,,0,
R CH,,,,0,
,,,,0,
,.R CH,0.023809524,0,0.023809524,
,,,,0,
,R.CH,0.666666667,0.554681277,0.111985389,
,,,,0,
,R CH.,0.30952381,0.445318723,-0.135794913,
,,,,0,
,?.?,0,,0,
,,,,0,
R B,,,,0,
,,,,0,
,.R B,0.018326118,0,0.018326118,
,,,,0,
,R.B,0.950716168,0.92787503,0.022841138,
,,,,0,
,R B.,0.024897108,0.07212497,-0.047227862,
,,,,0,
,?.?,0.006060606,,0.006060606,
,,,,0,
R K,,,,0,
,,,,0,
,.R K,0.006352343,0,0.006352343,
,,,,0,
,R.K,0.877531526,0.822519359,0.055012167,
,,,,0,
,R K.,0.109468016,0.177480641,-0.068012624,
,,,,0,
,?.?,0.006648114,,0.006648114,
,,,,0,
N D M,,,,0,
,,,,0,
,.N D M,0.010869565,0,0.010869565,
,,,,0,
,N.D M,0.157756917,0,0.157756917,
,,,,0,
,N D.M,0.831373518,1,-0.168626482,
,,,,0,
,N D M.,0,0,0,
,,,,0,
,?.?,0,,0,
,,,,0,
M Z D,,,,0,
,,,,0,
,.M Z D,0,0,0,
,,,,0,
,M.Z D,0.2,0,0.2,
,,,,0,
,M Z.D,0.8,0,0.8,
,,,,0,
,M Z D.,0,0,0,
,,,,0,
,?.?,0,,0,
,,,,0,
N P,,,,0,
,,,,0,
,.N P,0.01,0,0.01,
,,,,0,
,N.P,0.799057971,1,-0.200942029,
,,,,0,
,N P.,0.182608696,0,0.182608696,
,,,,0,
,?.?,0.008333333,,0.008333333,
,,,,0,
K N,,,,0,
,,,,0,
,.K N,0.046691404,0,0.046691404,
,,,,0,
,K.N,0.940012369,1,-0.059987631,
,,,,0,
,K N.,0.006802721,0,0.006802721,
,,,,0,
,?.?,0.006493506,,0.006493506,
,,,,0,
N HH,,,,0,
,,,,0,
,.N HH,0,0,0,
,,,,0,
,N.HH,1,1,0,
,,,,0,
,N HH.,0,0,0,
,,,,0,
,?.?,0,,0,
,,,,0,
F HH,,,,0,
,,,,0,
,.F HH,0,0,0,
,,,,0,
,F.HH,1,1,0,
,,,,0,
,F HH.,0,0,0,
,,,,0,
,?.?,0,,0,
,,,,0,
NG G,,,,0,
,,,,0,
,.NG G,0.031419788,0,0.031419788,
,,,,0,
,NG.G,0.902174501,1,-0.097825499,
,,,,0,
,NG G.,0.058649578,0,0.058649578,
,,,,0,
,?.?,0.007756133,,0.007756133,
,,,,0,
NG K CH,,,,0,
,,,,0,
,.NG K CH,0,0,0,
,,,,0,
,NG.K CH,0.248484848,0,0.248484848,
,,,,0,
,NG K.CH,0.721212122,1,-0.278787878,
,,,,0,
,NG K CH.,0.015151515,0,0.015151515,
,,,,0,
,?.?,0.015151515,,0.015151515,
,,,,0,
B L,,,,0,
,,,,0,
,.B L,0.558760421,0.849530019,-0.290769598,
,,,,0,
,B.L,0.425161922,0.150469981,0.274691942,"morphology, e.g. problem"
,,,,0,
,B L.,0.016077656,0,0.016077656,
,,,,0,
,?.?,0,,0,
,,,,0,
F R,,,,0,
,,,,0,
,.F R,0.676811594,0.790024731,-0.113213137,
,,,,0,
,F.R,0.312318841,0.209975269,0.102343572,
,,,,0,
,F R.,0.010869565,0,0.010869565,
,,,,0,
,?.?,0,,0,
,,,,0,
N TH,,,,0,
,,,,0,
,.N TH,0.014492754,0,0.014492754,
,,,,0,
,N.TH,0.891442374,0.679279175,0.212163199,
,,,,0,
,N TH.,0.094064872,0.320720825,-0.226655953,
,,,,0,
,?.?,0,,0,
,,,,0,
N D R,,,,0,
,,,,0,
,.N D R,0.009761905,0,0.009761905,
,,,,0,
,N.D R,0.803766234,0.551744973,0.252021261,
,,,,0,
,N D.R,0.173230755,0.448255027,-0.275024272,
,,,,0,
,N D R.,0.008695652,0,0.008695652,
,,,,0,
,?.?,0.004545454,,0.004545454,
,,,,0,
R W,,,,0,
,,,,0,
,.R W,0.011363636,0,0.011363636,
,,,,0,
,R.W,0.988636364,1,-0.011363636,
,,,,0,
,R W.,0,0,0,
,,,,0,
,?.?,0,,0,
,,,,0,
P T,,,,0,
,,,,0,
,.P T,0.064139418,0,0.064139418,
,,,,0,
,P.T,0.906703968,0.512871287,0.393832681,
,,,,0,
,P T.,0.029156614,0.487128713,-0.457972099,
,,,,0,
,?.?,0,,0,
,,,,0,
N G,,,,0,
,,,,0,
,.N G,0.05,0,0.05,
,,,,0,
,N.G,0.95,1,-0.05,
,,,,0,
,N G.,0,0,0,
,,,,0,
,?.?,0,,0,
,,,,0,
N S P,,,,0,
,,,,0,
,.N S P,0.010869565,0,0.010869565,
,,,,0,
,N.S P,0.567737154,0.502964572,0.064772583,
,,,,0,
,N S.P,0.408893281,0.497035428,-0.088142148,
,,,,0,
,N S P.,0,0,0,
,,,,0,
,?.?,0.0125,,0.0125,
,,,,0,
S T K,,,,0,
,,,,0,
,.S T K,0,0,0,
,,,,0,
,S.T K,0.15,0,0.15,
,,,,0,
,S T.K,0.85,1,-0.15,
,,,,0,
,S T K.,0,0,0,
,,,,0,
,?.?,0,,0,
,,,,0,
N K,,,,0,
,,,,0,
,.N K,0.013241107,0,0.013241107,
,,,,0,
,N.K,0.882608696,1,-0.117391304,
,,,,0,
,N K.,0.104150198,0,0.104150198,
,,,,0,
,?.?,0,,0,
,,,,0,
L T,,,,0,
,,,,0,
,.L T,0.008410973,0,0.008410973,
,,,,0,
,L.T,0.935735166,0.848427004,0.087308162,
,,,,0,
,L T.,0.055853861,0.151572996,-0.095719135,
,,,,0,
,?.?,0,,0,
,,,,0,
N S T,,,,0,
,,,,0,
,.N S T,0.012413805,0,0.012413805,
,,,,0,
,N.S T,0.878815684,0.719641548,0.159174136,
,,,,0,
,N S.T,0.071332324,0.2643788,-0.193046476,
,,,,0,
,N S T.,0.037438188,0.015979652,0.021458535,
,,,,0,
,?.?,0,,0,
,,,,0,
L D,,,,0,
,,,,0,
,.L D,0.013655185,0,0.013655185,
,,,,0,
,L.D,0.79250894,0.928288711,-0.13577977,
,,,,0,
,L D.,0.193835874,0.071711289,0.122124585,
,,,,0,
,?.?,0,,0,
,,,,0,
L CH,,,,0,
,,,,0,
,.L CH,0,0,0,
,,,,0,
,L.CH,0.80952381,0.907803342,-0.098279532,
,,,,0,
,L CH.,0.19047619,0.092196658,0.098279532,
,,,,0,
,?.?,0,,0,
,,,,0,
F T,,,,0,
,,,,0,
,.F T,0.097248601,0,0.097248601,
,,,,0,
,F.T,0.773274815,0.360623782,0.412651033,
,,,,0,
,F T.,0.129476584,0.639376218,-0.509899634,
,,,,0,
,?.?,0,,0,
,,,,0,
R L,,,,0,
,,,,0,
,.R L,0.003344482,0,0.003344482,
,,,,0,
,R.L,0.961828027,0.947374176,0.014453851,
,,,,0,
,R L.,0.031330988,0.052625824,-0.021294836,
,,,,0,
,?.?,0.003496503,,0.003496503,
,,,,0,
R N Y,,,,0,
,,,,0,
,.R N Y,0,0,0,
,,,,0,
,R.N Y,0.428571429,0,0.428571429,
,,,,0,
,R N.Y,0.428571429,1,-0.571428571,
,,,,0,
,R N Y.,0.047619048,0,0.047619048,
,,,,0,
,?.?,0.095238095,,0.095238095,
,,,,0,
B Y,,,,0,
,,,,0,
,.B Y,0.835921325,0.793638908,0.042282417,
,,,,0,
,B.Y,0.142339545,0.206361092,-0.064021548,
,,,,0,
,B Y.,0.010869565,0,0.010869565,
,,,,0,
,?.?,0.010869565,,0.010869565,
,,,,0,
N G R,,,,0,
,,,,0,
,.N G R,0.045454546,0,0.045454546,
,,,,0,
,N.G R,0.884199135,1,-0.115800866,
,,,,0,
,N G.R,0.047619048,0,0.047619048,
,,,,0,
,N G R.,0,0,0,
,,,,0,
,?.?,0.022727273,,0.022727273,
,,,,0,
B S,,,,0,
,,,,0,
,.B S,0.031024531,0,0.031024531,
,,,,0,
,B.S,0.938431939,1,-0.061568061,
,,,,0,
,B S.,0.03054353,0,0.03054353,
,,,,0,
,?.?,0,,0,
,,,,0,
F L,,,,0,
,,,,0,
,.F L,0.545240919,0.894345867,-0.349104949,
,,,,0,
,F.L,0.432255317,0.105654133,0.326601184,"morphology, e.g. problem"
,,,,0,
,F L.,0.022503764,0,0.022503764,
,,,,0,
,?.?,0,,0,
,,,,0,
M B R,,,,0,
,,,,0,
,.M B R,0,0,0,
,,,,0,
,M.B R,0.904761905,1,-0.095238095,
,,,,0,
,M B.R,0.095238095,0,0.095238095,
,,,,0,
,M B R.,0,0,0,
,,,,0,
,?.?,0,,0,
,,,,0,
N S T R,,,,0,
,,,,0,
,.N S T R,0.015182885,0,0.015182885,
,,,,0,
,N.S T R,0.865726363,0.679892603,0.18583376,
,,,,0,
,N S.T R,0.111844376,0.306649836,-0.194805461,
,,,,0,
,N S T.R,0.007246377,0.013457561,-0.006211184,
,,,,0,
,?.?,0,,0,
,,,,0,
R V,,,,0,
,,,,0,
,.R V,0,0,0,
,,,,0,
,R.V,0.953957275,0.943751286,0.010205989,
,,,,0,
,R V.,0.046042725,0.056248714,-0.010205989,
,,,,0,
,?.?,0,,0,
,,,,0,
K SH,,,,0,
,,,,0,
,.K SH,0.096216827,0,0.096216827,
,,,,0,
,K.SH,0.889911538,1,-0.110088462,
,,,,0,
,K SH.,0.013871636,0,0.013871636,
,,,,0,
,?.?,0,,0,
,,,,0,
K S P R,,,,0,
,,,,0,
,.K S P R,0.047619048,0,0.047619048,
,,,,0,
,K.S P R,0.380952381,0.216522994,0.164429387,
,,,,0,
,K S.P R,0.523809523,0.783477006,-0.259667482,
,,,,0,
,K S P.R,0.047619048,0,0.047619048,
,,,,0,
,?.?,0,,0,
,,,,0,
L S T,,,,0,
,,,,0,
,.L S T,0,0,0,
,,,,0,
,L.S T,0.954545455,0.989968524,-0.035423069,
,,,,0,
,L S.T,0.022727273,0.010031476,0.012695797,
,,,,0,
,L S T.,0,0,0,
,,,,0,
,?.?,0.022727273,,0.022727273,
,,,,0,
R T R,,,,0,
,,,,0,
,.R T R,0,0,0,
,,,,0,
,R.T R,0.909686931,0.559236441,0.350450491,
,,,,0,
,R T.R,0.090313069,0.440763559,-0.350450491,
,,,,0,
,R T R.,0,0,0,
,,,,0,
,?.?,0,,0,
,,,,0,
K S T R,,,,0,
,,,,0,
,.K S T R,0.010869565,0,0.010869565,
,,,,0,
,K.S T R,0.408879164,0.686944042,-0.278064878,
,,,,0,
,K S.T R,0.510940147,0.242526893,0.268413254,
,,,,0,
,K S T.R,0.057406362,0.070529065,-0.013122703,
,,,,0,
,?.?,0.011904762,,0.011904762,
,,,,0,
G M,,,,0,
,,,,0,
,.G M,0.050444925,0,0.050444925,
,,,,0,
,G.M,0.944925445,1,-0.055074555,
,,,,0,
,G M.,0,0,0,
,,,,0,
,?.?,0.00462963,,0.00462963,
,,,,0,
G R,,,,0,
,,,,0,
,.G R,0.887514901,0.857618552,0.029896348,
,,,,0,
,G.R,0.112485099,0.142381448,-0.029896348,
,,,,0,
,G R.,0,0,0,
,,,,0,
,?.?,0,,0,
,,,,0,
K R,,,,0,
,,,,0,
,.K R,0.88942645,0.474339539,0.41508691,
,,,,0,
,K.R,0.11057355,0.525660461,-0.41508691,
,,,,0,
,K R.,0,0,0,
,,,,0,
,?.?,0,,0,
,,,,0,
K W,,,,0,
,,,,0,
,.K W,0.733290462,0.652400778,0.080889683,
,,,,0,
,K.W,0.213010017,0.347599222,-0.134589205,
,,,,0,
,K W.,0.053699521,0,0.053699521,
,,,,0,
,?.?,0,,0,
,,,,0,
G N,,,,0,
,,,,0,
,.G N,0.076510446,0,0.076510446,
,,,,0,
,G.N,0.923489554,1,-0.076510446,
,,,,0,
,G N.,0,0,0,
,,,,0,
,?.?,0,,0,
,,,,0,
M S,,,,0,
,,,,0,
,.M S,0.027310371,0,0.027310371,
,,,,0,
,M.S,0.935422548,1,-0.064577452,
,,,,0,
,M S.,0.037267081,0,0.037267081,
,,,,0,
,?.?,0,,0,
,,,,0,
P S K,,,,0,
,,,,0,
,.P S K,0.023809524,0,0.023809524,
,,,,0,
,P.S K,0.952380952,0.496778263,0.455602689,
,,,,0,
,P S.K,0.023809524,0.503221737,-0.479412213,
,,,,0,
,P S K.,0,0,0,
,,,,0,
,?.?,0,,0,
,,,,0,
V R,,,,0,
,,,,0,
,.V R,0.809523809,0,0.809523809,
,,,,0,
,V.R,0.142857143,1,-0.857142857,
,,,,0,
,V R.,0,0,0,
,,,,0,
,?.?,0.047619048,,0.047619048,
,,,,0,
G W,,,,0,
,,,,0,
,.G W,0.333333333,0.455106358,-0.121773025,
,,,,0,
,G.W,0.666666667,0.544893642,0.121773025,
,,,,0,
,G W.,0,0,0,
,,,,0,
,?.?,0,,0,
,,,,0,
K B,,,,0,
,,,,0,
,.K B,0,0,0,
,,,,0,
,K.B,1,1,0,
,,,,0,
,K B.,0,0,0,
,,,,0,
,?.?,0,,0,
,,,,0,
N F L,,,,0,
,,,,0,
,.N F L,0.007936508,0,0.007936508,
,,,,0,
,N.F L,0.96930485,1,-0.03069515,
,,,,0,
,N F.L,0.022758642,0,0.022758642,
,,,,0,
,N F L.,0,0,0,
,,,,0,
,?.?,0,,0,
,,,,0,
N K W,,,,0,
,,,,0,
,.N K W,0,0,0,
,,,,0,
,N.K W,0.952380953,1,-0.047619048,
,,,,0,
,N K.W,0.047619048,0,0.047619048,
,,,,0,
,N K W.,0,0,0,
,,,,0,
,?.?,0,,0,
,,,,0,
N L,,,,0,
,,,,0,
,.N L,0.025127047,0,0.025127047,
,,,,0,
,N.L,0.968070232,1,-0.031929768,
,,,,0,
,N L.,0.006802721,0,0.006802721,
,,,,0,
,?.?,0,,0,
,,,,0,
V Y,,,,0,
,,,,0,
,.V Y,0.621870883,0.134906811,0.486964072,
,,,,0,
,V.Y,0.378129117,0.865093189,-0.486964072,
,,,,0,
,V Y.,0,0,0,
,,,,0,
,?.?,0,,0,
,,,,0,
N D S T,,,,0,
,,,,0,
,.N D S T,0,0,0,
,,,,0,
,N.D S T,0.090909091,0,0.090909091,
,,,,0,
,N D.S T,0.837662338,1,-0.162337663,
,,,,0,
,N D S.T,0.047619048,0,0.047619048,
,,,,0,
,?.?,0.023809524,,0.023809524,
,,,,0,
N T L,,,,0,
,,,,0,
,.N T L,0,0,0,
,,,,0,
,N.T L,0.19047619,0,0.19047619,
,,,,0,
,N T.L,0.80952381,1,-0.19047619,
,,,,0,
,N T L.,0,0,0,
,,,,0,
,?.?,0,,0,
,,,,0,
R N,,,,0,
,,,,0,
,.R N,0.017636364,0,0.017636364,
,,,,0,
,R.N,0.808467533,0.614330304,0.194137229,
,,,,0,
,R N.,0.173896104,0.385669696,-0.211773592,
,,,,0,
,?.?,0,,0,
,,,,0,
L P,,,,0,
,,,,0,
,.L P,0.015873016,0,0.015873016,
,,,,0,
,L.P,0.924838446,0.987819424,-0.062980977,
,,,,0,
,L P.,0.059288538,0.012180576,0.047107961,
,,,,0,
,?.?,0,,0,
,,,,0,
D W,,,,0,
,,,,0,
,.D W,0.054978355,0.062514293,-0.007535938,
,,,,0,
,D.W,0.945021645,0.937485707,0.007535938,
,,,,0,
,D W.,0,0,0,
,,,,0,
,?.?,0,,0,
,,,,0,
M D,,,,0,
,,,,0,
,.M D,0,0,0,
,,,,0,
,M.D,1,1,0,
,,,,0,
,M D.,0,0,0,
,,,,0,
,?.?,0,,0,
,,,,0,
R D L,,,,0,
,,,,0,
,.R D L,0,0,0,
,,,,0,
,R.D L,0.333333333,0,0.333333333,
,,,,0,
,R D.L,0.666666667,1,-0.333333333,
,,,,0,
,R D L.,0,0,0,
,,,,0,
,?.?,0,,0,
,,,,0,
R S,,,,0,
,,,,0,
,.R S,0.012445887,0,0.012445887,
,,,,0,
,R.S,0.952804442,0.804107687,0.148696755,
,,,,0,
,R S.,0.028526727,0.195892313,-0.167365587,
,,,,0,
,?.?,0.006222944,,0.006222944,
,,,,0,
T F,,,,0,
,,,,0,
,.T F,0.016798419,0,0.016798419,
,,,,0,
,T.F,0.977519763,1,-0.022480237,
,,,,0,
,T F.,0.005681818,0,0.005681818,
,,,,0,
,?.?,0,,0,
,,,,0,
S B,,,,0,
,,,,0,
,.S B,0.052173913,0,0.052173913,
,,,,0,
,S.B,0.939130435,1,-0.060869565,
,,,,0,
,S B.,0.008695652,0,0.008695652,
,,,,0,
,?.?,0,,0,
,,,,0,
S K W,,,,0,
,,,,0,
,.S K W,0.047619048,0.552464512,-0.504845465,
,,,,0,
,S.K W,0.883022775,0.407447036,0.475575738,"morphology, eg misquote"
,,,,0,
,S K.W,0.069358178,0.040088451,0.029269727,
,,,,0,
,S K W.,0,0,0,
,,,,0,
,?.?,0,,0,
,,,,0,
M S T R,,,,0,
,,,,0,
,.M S T R,0,0,0,
,,,,0,
,M.S T R,0.824016563,1,-0.175983437,
,,,,0,
,M S.T R,0.154244307,0,0.154244307,
,,,,0,
,M S T.R,0.021739131,0,0.021739131,
,,,,0,
,?.?,0,,0,
,,,,0,
R HH,,,,0,
,,,,0,
,.R HH,0,0,0,
,,,,0,
,R.HH,1,1,0,
,,,,0,
,R HH.,0,0,0,
,,,,0,
,?.?,0,,0,
,,,,0,
NG,,,,0,
,,,,0,
,.NG,0.05612413,0,0.05612413,
,,,,0,
,NG.,0.932985719,1,-0.067014281,
,,,,0,
,?.?,0.010890152,,0.010890152,
,,,,0,
N D HH,,,,0,
,,,,0,
,.N D HH,0.015873016,0,0.015873016,
,,,,0,
,N.D HH,0.105590062,0,0.105590062,
,,,,0,
,N D.HH,0.862663906,1,-0.137336094,
,,,,0,
,N D HH.,0,0,0,
,,,,0,
,?.?,0.015873016,,0.015873016,
,,,,0,
S R,,,,0,
,,,,0,
,.S R,0.047619048,0,0.047619048,
,,,,0,
,S.R,0.952380953,1,-0.047619048,
,,,,0,
,S R.,0,0,0,
,,,,0,
,?.?,0,,0,
,,,,0,
G HH,,,,0,
,,,,0,
,.G HH,0,0,0,
,,,,0,
,G.HH,1,1,0,
,,,,0,
,G HH.,0,0,0,
,,,,0,
,?.?,0,,0,
,,,,0,
B M,,,,0,
,,,,0,
,.B M,0.060010038,0,0.060010038,
,,,,0,
,B.M,0.893092415,1,-0.106907585,
,,,,0,
,B M.,0.046897547,0,0.046897547,
,,,,0,
,?.?,0,,0,
,,,,0,
R T S M,,,,0,
,,,,0,
,.R T S M,0,0,0,
,,,,0,
,R.T S M,0.142857143,0,0.142857143,
,,,,0,
,R T.S M,0.142857143,0.56281407,-0.419956927,
,,,,0,
,R T S.M,0.714285714,0.43718593,0.277099784,
,,,,0,
,?.?,0,,0,
,,,,0,
NG TH,,,,0,
,,,,0,
,.NG TH,0.047619048,0,0.047619048,
,,,,0,
,NG.TH,0.651515152,0.509829968,0.141685183,
,,,,0,
,NG TH.,0.300865801,0.490170032,-0.189304231,
,,,,0,
,?.?,0,,0,
,,,,0,
M S T,,,,0,
,,,,0,
,.M S T,0.008695652,0,0.008695652,
,,,,0,
,M.S T,0.917635987,1,-0.082364013,
,,,,0,
,M S.T,0.055053642,0,0.055053642,
,,,,0,
,M S T.,0.018614719,0,0.018614719,
,,,,0,
,?.?,0,,0,
,,,,0,
T HH,,,,0,
,,,,0,
,.T HH,0.071428571,0,0.071428571,
,,,,0,
,T.HH,0.859307359,1,-0.140692641,
,,,,0,
,T HH.,0.069264069,0,0.069264069,
,,,,0,
,?.?,0,,0,
,,,,0,
M P Y,,,,0,
,,,,0,
,.M P Y,0,0,0,
,,,,0,
,M.P Y,0.883116883,0.674514943,0.20860194,
,,,,0,
,M P.Y,0.116883117,0.325485057,-0.20860194,
,,,,0,
,M P Y.,0,0,0,
,,,,0,
,?.?,0,,0,
,,,,0,
S T L,,,,0,
,,,,0,
,.S T L,0.059288538,0,0.059288538,
,,,,0,
,S.T L,0.119957338,0,0.119957338,
,,,,0,
,S T.L,0.804881109,1,-0.195118891,
,,,,0,
,S T L.,0.015873016,0,0.015873016,
,,,,0,
,?.?,0,,0,
,,,,0,
L F L,,,,0,
,,,,0,
,.L F L,0,0,0,
,,,,0,
,L.F L,0.238095238,0.976464011,-0.738368773,
,,,,0,
,L F.L,0.761904762,0.023535989,0.738368773,selfless
,,,,0,
,L F L.,0,0,0,
,,,,0,
,?.?,0,,0,
,,,,0,
M B L,,,,0,
,,,,0,
,.M B L,0.088336784,0,0.088336784,
,,,,0,
,M.B L,0.807453416,1,-0.192546584,
,,,,0,
,M B.L,0.075224293,0,0.075224293,
,,,,0,
,M B L.,0.028985507,0,0.028985507,
,,,,0,
,?.?,0,,0,
,,,,0,
K Y,,,,0,
,,,,0,
,.K Y,0.717679591,0.541203476,0.176476115,
,,,,0,
,K.Y,0.275074032,0.458796524,-0.183722492,
,,,,0,
,K Y.,0.007246377,0,0.007246377,
,,,,0,
,?.?,0,,0,
,,,,0,
T B,,,,0,
,,,,0,
,.T B,0.027705628,0,0.027705628,
,,,,0,
,T.B,0.972294372,1,-0.027705628,
,,,,0,
,T B.,0,0,0,
,,,,0,
,?.?,0,,0,
,,,,0,
R JH,,,,0,
,,,,0,
,.R JH,0,0,0,
,,,,0,
,R.JH,0.900194805,0.731439093,0.168755712,
,,,,0,
,R JH.,0.099805195,0.268560907,-0.168755712,
,,,,0,
,?.?,0,,0,
,,,,0,
L JH,,,,0,
,,,,0,
,.L JH,0,0,0,
,,,,0,
,L.JH,0.954451346,0.974144908,-0.019693562,
,,,,0,
,L JH.,0.045548654,0.025855092,0.019693562,
,,,,0,
,?.?,0,,0,
,,,,0,
B R,,,,0,
,,,,0,
,.B R,0.850700326,0.858257005,-0.007556679,almost exactly right
,,,,0,
,B.R,0.137936037,0.141742995,-0.003806958,
,,,,0,
,B R.,0.011363636,0,0.011363636,
,,,,0,
,?.?,0,,0,
,,,,0,
N JH F,,,,0,
,,,,0,
,.N JH F,0,0,0,
,,,,0,
,N.JH F,0,0,0,
,,,,0,
,N JH.F,1,1,0,
,,,,0,
,N JH F.,0,0,0,
,,,,0,
,?.?,0,,0,
,,,,0,
K HH,,,,0,
,,,,0,
,.K HH,0.047619048,0,0.047619048,
,,,,0,
,K.HH,0.095238095,1,-0.904761905,
,,,,0,
,K HH.,0.857142857,0,0.857142857,
,,,,0,
,?.?,0,,0,
,,,,0,
TH W,,,,0,
,,,,0,
,.TH W,0.206521739,0.176799574,0.029722165,
,,,,0,
,TH.W,0.522774327,0.823200426,-0.300426099,
,,,,0,
,TH W.,0.259834368,0,0.259834368,
,,,,0,
,?.?,0.010869565,,0.010869565,
,,,,0,
T G,,,,0,
,,,,0,
,.T G,0.047619048,0,0.047619048,
,,,,0,
,T.G,0.904761904,1,-0.095238096,
,,,,0,
,T G.,0.047619048,0,0.047619048,
,,,,0,
,?.?,0,,0,
,,,,0,
T N,,,,0,
,,,,0,
,.T N,0.044960474,0,0.044960474,
,,,,0,
,T.N,0.931771128,1,-0.068228873,
,,,,0,
,T N.,0.011904762,0,0.011904762,
,,,,0,
,?.?,0.011363636,,0.011363636,
,,,,0,
TH HH,,,,0,
,,,,0,
,.TH HH,0.047619048,0,0.047619048,
,,,,0,
,TH.HH,0.952380952,1,-0.047619048,
,,,,0,
,TH HH.,0,0,0,
,,,,0,
,?.?,0,,0,
,,,,0,
N S F,,,,0,
,,,,0,
,.N S F,0,0,0,
,,,,0,
,N.S F,0.233766234,0,0.233766234,
,,,,0,
,N S.F,0.766233766,1,-0.233766234,
,,,,0,
,N S F.,0,0,0,
,,,,0,
,?.?,0,,0,
,,,,0,
ZH M,,,,0,
,,,,0,
,.ZH M,0.142857143,0,0.142857143,
,,,,0,
,ZH.M,0.857142857,1,-0.142857143,
,,,,0,
,ZH M.,0,0,0,
,,,,0,
,?.?,0,,0,
,,,,0,
M K,,,,0,
,,,,0,
,.M K,0.023809524,0,0.023809524,
,,,,0,
,M.K,0.976190476,1,-0.023809524,
,,,,0,
,M K.,0,0,0,
,,,,0,
,?.?,0,,0,
,,,,0,
R SH,,,,0,
,,,,0,
,.R SH,0,0,0,
,,,,0,
,R.SH,0.892057218,0.820972281,0.071084937,
,,,,0,
,R SH.,0.107942782,0.179027719,-0.071084937,
,,,,0,
,?.?,0,,0,
,,,,0,
R T N,,,,0,
,,,,0,
,.R T N,0,0,0,
,,,,0,
,R.T N,0.068181818,0,0.068181818,
,,,,0,
,R T.N,0.931818182,1,-0.068181818,
,,,,0,
,R T N.,0,0,0,
,,,,0,
,?.?,0,,0,
,,,,0,
L P R,,,,0,
,,,,0,
,.L P R,0,0,0,
,,,,0,
,L.P R,0.930735931,0.992924605,-0.062188674,
,,,,0,
,L P.R,0.06926407,0.007075395,0.062188674,
,,,,0,
,L P R.,0,0,0,
,,,,0,
,?.?,0,,0,
,,,,0,
B JH,,,,0,
,,,,0,
,.B JH,0.044858523,0,0.044858523,
,,,,0,
,B.JH,0.939989962,1,-0.060010038,
,,,,0,
,B JH.,0.015151515,0,0.015151515,
,,,,0,
,?.?,0,,0,
,,,,0,
T K,,,,0,
,,,,0,
,.T K,0,0,0,
,,,,0,
,T.K,1,1,0,
,,,,0,
,T K.,0,0,0,
,,,,0,
,?.?,0,,0,
,,,,0,
T W,,,,0,
,,,,0,
,.T W,0.216814888,0.269320526,-0.052505638,
,,,,0,
,T.W,0.767672847,0.730679474,0.036993373,
,,,,0,
,T W.,0.015512265,0,0.015512265,
,,,,0,
,?.?,0,,0,
,,,,0,
S W,,,,0,
,,,,0,
,.S W,0.221265449,0.514478773,-0.293213324,
,,,,0,
,S.W,0.763583036,0.485521227,0.278061809,
,,,,0,
,S W.,0.007575758,0,0.007575758,
,,,,0,
,?.?,0.007575758,,0.007575758,
,,,,0,
P N,,,,0,
,,,,0,
,.P N,0.045548654,0,0.045548654,
,,,,0,
,P.N,0.932712215,1,-0.067287785,
,,,,0,
,P N.,0.021739131,0,0.021739131,
,,,,0,
,?.?,0,,0,
,,,,0,
T F L,,,,0,
,,,,0,
,.T F L,0.047619048,0,0.047619048,
,,,,0,
,T.F L,0.952380952,1,-0.047619048,
,,,,0,
,T F.L,0,0,0,
,,,,0,
,T F L.,0,0,0,
,,,,0,
,?.?,0,,0,
,,,,0,
R Z M,,,,0,
,,,,0,
,.R Z M,0,0,0,
,,,,0,
,R.Z M,0.095238095,0,0.095238095,
,,,,0,
,R Z.M,0.904761905,1,-0.095238095,
,,,,0,
,R Z M.,0,0,0,
,,,,0,
,?.?,0,,0,
,,,,0,
F B,,,,0,
,,,,0,
,.F B,0,0,0,
,,,,0,
,F.B,1,1,0,
,,,,0,
,F B.,0,0,0,
,,,,0,
,?.?,0,,0,
,,,,0,
B T R,,,,0,
,,,,0,
,.B T R,0,0,0,
,,,,0,
,B.T R,1,1,0,
,,,,0,
,B T.R,0,0,0,
,,,,0,
,B T R.,0,0,0,
,,,,0,
,?.?,0,,0,
,,,,0,
F Y,,,,0,
,,,,0,
,.F Y,0.620757262,0.892452468,-0.271695206,
,,,,0,
,F.Y,0.356154715,0.107547532,0.248607183,
,,,,0,
,F Y.,0.023088023,0,0.023088023,
,,,,0,
,?.?,0,,0,
,,,,0,
G T,,,,0,
,,,,0,
,.G T,0,0,0,
,,,,0,
,G.T,1,1,0,
,,,,0,
,G T.,0,0,0,
,,,,0,
,?.?,0,,0,
,,,,0,
M R,,,,0,
,,,,0,
,.M R,0.057900433,0,0.057900433,
,,,,0,
,M.R,0.930735931,1,-0.069264069,
,,,,0,
,M R.,0.011363636,0,0.011363636,
,,,,0,
,?.?,0,,0,
,,,,0,
N K R,,,,0,
,,,,0,
,.N K R,0.021739131,0,0.021739131,
,,,,0,
,N.K R,0.97826087,1,-0.021739131,
,,,,0,
,N K.R,0,0,0,
,,,,0,
,N K R.,0,0,0,
,,,,0,
,?.?,0,,0,
,,,,0,
K S P,,,,0,
,,,,0,
,.K S P,0.019198193,0,0.019198193,
,,,,0,
,K.S P,0.347090022,0.563842197,-0.216752175,
,,,,0,
,K S.P,0.621548224,0.436157803,0.185390421,
,,,,0,
,K S P.,0.012163561,0,0.012163561,
,,,,0,
,?.?,0,,0,
,,,,0,
P CH,,,,0,
,,,,0,
,.P CH,0.093073593,0,0.093073593,
,,,,0,
,P.CH,0.871753247,1,-0.128246753,
,,,,0,
,P CH.,0.03517316,0,0.03517316,
,,,,0,
,?.?,0,,0,
,,,,0,
CH F,,,,0,
,,,,0,
,.CH F,0.047619048,0,0.047619048,
,,,,0,
,CH.F,0.952380952,1,-0.047619048,
,,,,0,
,CH F.,0,0,0,
,,,,0,
,?.?,0,,0,
,,,,0,
SH F,,,,0,
,,,,0,
,.SH F,0,0,0,
,,,,0,
,SH.F,1,1,0,
,,,,0,
,SH F.,0,0,0,
,,,,0,
,?.?,0,,0,
,,,,0,
N W,,,,0,
,,,,0,
,.N W,0.022727273,0,0.022727273,
,,,,0,
,N.W,0.977272727,1,-0.022727273,
,,,,0,
,N W.,0,0,0,
,,,,0,
,?.?,0,,0,
,,,,0,
V S T,,,,0,
,,,,0,
,.V S T,0.047619048,0,0.047619048,
,,,,0,
,V.S T,0.904761904,1,-0.095238096,
,,,,0,
,V S.T,0.047619048,0,0.047619048,
,,,,0,
,V S T.,0,0,0,
,,,,0,
,?.?,0,,0,
,,,,0,
L S T R,,,,0,
,,,,0,
,.L S T R,0,0,0,
,,,,0,
,L.S T R,1,0.98771243,0.01228757,
,,,,0,
,L S.T R,0,0.01228757,-0.01228757,
,,,,0,
,L S T.R,0,0,0,
,,,,0,
,?.?,0,,0,
,,,,0,
F G,,,,0,
,,,,0,
,.F G,0,0,0,
,,,,0,
,F.G,0.952380952,1,-0.047619048,
,,,,0,
,F G.,0.047619048,0,0.047619048,
,,,,0,
,?.?,0,,0,
,,,,0,
P K,,,,0,
,,,,0,
,.P K,0.034632035,0,0.034632035,
,,,,0,
,P.K,0.965367965,1,-0.034632035,
,,,,0,
,P K.,0,0,0,
,,,,0,
,?.?,0,,0,
,,,,0,
L R,,,,0,
,,,,0,
,.L R,0,0,0,
,,,,0,
,L.R,1,1,0,
,,,,0,
,L R.,0,0,0,
,,,,0,
,?.?,0,,0,
,,,,0,
NG K W,,,,0,
,,,,0,
,.NG K W,0,0,0,
,,,,0,
,NG.K W,0.953823954,0.350289017,0.603534936,
,,,,0,
,NG K.W,0.046176046,0.649710983,-0.603534936,
,,,,0,
,NG K W.,0,0,0,
,,,,0,
,?.?,0,,0,
,,,,0,
S K R,,,,0,
,,,,0,
,.S K R,0.445594391,0.443189207,0.002405184,
,,,,0,
,S.K R,0.442904762,0.462220064,-0.019315303,
,,,,0,
,S K.R,0.111500847,0.094590728,0.016910119,
,,,,0,
,S K R.,0,0,0,
,,,,0,
,?.?,0,,0,
,,,,0,
D SH,,,,0,
,,,,0,
,.D SH,0,0,0,
,,,,0,
,D.SH,1,1,0,
,,,,0,
,D SH.,0,0,0,
,,,,0,
,?.?,0,,0,
,,,,0,
G L,,,,0,
,,,,0,
,.G L,0.713838698,0.826589125,-0.112750427,
,,,,0,
,G.L,0.264422172,0.173410875,0.091011297,
,,,,0,
,G L.,0.021739131,0,0.021739131,
,,,,0,
,?.?,0,,0,
,,,,0,
D HH,,,,0,
,,,,0,
,.D HH,0.020833334,0,0.020833334,
,,,,0,
,D.HH,0.931547619,1,-0.068452381,
,,,,0,
,D HH.,0.047619048,0,0.047619048,
,,,,0,
,?.?,0,,0,
,,,,0,
D S T R,,,,0,
,,,,0,
,.D S T R,0,0,0,
,,,,0,
,D.S T R,0.954545455,0.958062656,-0.003517201,
,,,,0,
,D S.T R,0.045454545,0,0.045454545,
,,,,0,
,D S T.R,0,0.041937344,-0.041937344,
,,,,0,
,?.?,0,,0,
,,,,0,
T Y,,,,0,
,,,,0,
,.T Y,0.681818182,0,0.681818182,
,,,,0,
,T.Y,0.136363636,1,-0.863636364,
,,,,0,
,T Y.,0,0,0,
,,,,0,
,?.?,0.181818182,,0.181818182,
,,,,0,
R T F,,,,0,
,,,,0,
,.R T F,0,0,0,
,,,,0,
,R.T F,0.045454545,0,0.045454545,
,,,,0,
,R T.F,0.954545455,1,-0.045454545,
,,,,0,
,R T F.,0,0,0,
,,,,0,
,?.?,0,,0,
,,,,0,
L HH,,,,0,
,,,,0,
,.L HH,0.067193676,0,0.067193676,
,,,,0,
,L.HH,0.932806324,1,-0.067193676,
,,,,0,
,L HH.,0,0,0,
,,,,0,
,?.?,0,,0,
,,,,0,
R DH,,,,0,
,,,,0,
,.R DH,0,0,0,
,,,,0,
,R.DH,0.888339921,1,-0.111660079,
,,,,0,
,R DH.,0.088932806,0,0.088932806,
,,,,0,
,?.?,0.022727273,,0.022727273,
,,,,0,
N R,,,,0,
,,,,0,
,.N R,0.034090909,0,0.034090909,
,,,,0,
,N.R,0.954545455,1,-0.045454545,
,,,,0,
,N R.,0.011363636,0,0.011363636,
,,,,0,
,?.?,0,,0,
,,,,0,
N S M,,,,0,
,,,,0,
,.N S M,0,0,0,
,,,,0,
,N.S M,0.136363636,0.146703917,-0.010340281,
,,,,0,
,N S.M,0.863636364,0.853296083,0.010340281,
,,,,0,
,N S M.,0,0,0,
,,,,0,
,?.?,0,,0,
,,,,0,
SH M,,,,0,
,,,,0,
,.SH M,0.136363636,0,0.136363636,
,,,,0,
,SH.M,0.863636364,1,-0.136363636,
,,,,0,
,SH M.,0,0,0,
,,,,0,
,?.?,0,,0,
,,,,0,
S P R,,,,0,
,,,,0,
,.S P R,0.125,0.121457308,0.003542692,
,,,,0,
,S.P R,0.81884058,0.860211521,-0.041370941,
,,,,0,
,S P.R,0.042270531,0.018331171,0.023939361,
,,,,0,
,S P R.,0.013888889,0,0.013888889,
,,,,0,
,?.?,0,,0,
,,,,0,
S T P,,,,0,
,,,,0,
,.S T P,0.090909091,0,0.090909091,
,,,,0,
,S.T P,0.272727273,0,0.272727273,
,,,,0,
,S T.P,0.636363636,1,-0.363636364,
,,,,0,
,S T P.,0,0,0,
,,,,0,
,?.?,0,,0,
,,,,0,
T S W,,,,0,
,,,,0,
,.T S W,0.772727273,0,0.772727273,
,,,,0,
,T.S W,0.181818182,0.996589268,-0.814771086,
,,,,0,
,T S.W,0,0.003410732,-0.003410732,
,,,,0,
,T S W.,0,0,0,
,,,,0,
,?.?,0.045454545,,0.045454545,
,,,,0,
L T R,,,,0,
,,,,0,
,.L T R,0,0,0,
,,,,0,
,L.T R,0.977272728,0.885178987,0.092093741,
,,,,0,
,L T.R,0.022727273,0.114821013,-0.092093741,
,,,,0,
,L T R.,0,0,0,
,,,,0,
,?.?,0,,0,
,,,,0,
N SH,,,,0,
,,,,0,
,.N SH,0.022021457,0,0.022021457,
,,,,0,
,N.SH,0.95878035,1,-0.04121965,
,,,,0,
,N SH.,0.012704687,0,0.012704687,
,,,,0,
,?.?,0.006493507,,0.006493507,
,,,,0,
N CH P,,,,0,
,,,,0,
,.N CH P,0,0,0,
,,,,0,
,N.CH P,0.045454545,0,0.045454545,
,,,,0,
,N CH.P,0.90909091,1,-0.09090909,
,,,,0,
,N CH P.,0,0,0,
,,,,0,
,?.?,0.045454545,,0.045454545,
,,,,0,
M N,,,,0,
,,,,0,
,.M N,0.015151515,0,0.015151515,
,,,,0,
,M.N,0.970355731,1,-0.029644269,
,,,,0,
,M N.,0.014492754,0,0.014492754,
,,,,0,
,?.?,0,,0,
,,,,0,
R F,,,,0,
,,,,0,
,.R F,0.011705686,0,0.011705686,
,,,,0,
,R.F,0.956956088,0.945323613,0.011632474,
,,,,0,
,R F.,0.031338227,0.054676387,-0.02333816,
,,,,0,
,?.?,0,,0,
,,,,0,
R G,,,,0,
,,,,0,
,.R G,0.008893281,0,0.008893281,
,,,,0,
,R.G,0.905533597,0.960702457,-0.05516886,
,,,,0,
,R G.,0.072134387,0.039297543,0.032836844,
,,,,0,
,?.?,0.013438735,,0.013438735,
,,,,0,
S K Y,,,,0,
,,,,0,
,.S K Y,0.568181818,0.119832899,0.448348919,
,,,,0,
,S.K Y,0.409090909,0.761030455,-0.351939545,
,,,,0,
,S K.Y,0.022727273,0.119136646,-0.096409374,
,,,,0,
,S K Y.,0,0,0,
,,,,0,
,?.?,0,,0,
,,,,0,
R S SH,,,,0,
,,,,0,
,.R S SH,0,0,0,
,,,,0,
,R.S SH,0.227272727,0,0.227272727,
,,,,0,
,R S.SH,0.727272728,1,-0.272727272,
,,,,0,
,R S SH.,0.045454545,0,0.045454545,
,,,,0,
,?.?,0,,0,
,,,,0,
N S P L,,,,0,
,,,,0,
,.N S P L,0,0,0,
,,,,0,
,N.S P L,0.272727273,0.460834656,-0.188107383,
,,,,0,
,N S.P L,0.727272727,0.539165344,0.188107383,
,,,,0,
,N S P.L,0,0,0,
,,,,0,
,?.?,0,,0,
,,,,0,
S P L,,,,0,
,,,,0,
,.S P L,0.090909091,0.346461389,-0.255552298,
,,,,0,
,S.P L,0.863636364,0.621050866,0.242585498,
,,,,0,
,S P.L,0.045454546,0.032487745,0.012966801,
,,,,0,
,S P L.,0,0,0,
,,,,0,
,?.?,0,,0,
,,,,0,
D S K,,,,0,
,,,,0,
,.D S K,0,0,0,
,,,,0,
,D.S K,1,1,0,
,,,,0,
,D S.K,0,0,0,
,,,,0,
,D S K.,0,0,0,
,,,,0,
,?.?,0,,0,
,,,,0,
S SH,,,,0,
,,,,0,
,.S SH,0.272727273,0,0.272727273,
,,,,0,
,S.SH,0.727272727,1,-0.272727273,
,,,,0,
,S SH.,0,0,0,
,,,,0,
,?.?,0,,0,
,,,,0,
G B,,,,0,
,,,,0,
,.G B,0,0,0,
,,,,0,
,G.B,0.954545455,1,-0.045454545,
,,,,0,
,G B.,0.045454545,0,0.045454545,
,,,,0,
,?.?,0,,0,
,,,,0,
R T S T,,,,0,
,,,,0,
,.R T S T,0,0,0,
,,,,0,
,R.T S T,0.090909091,0,0.090909091,
,,,,0,
,R T.S T,0.909090909,0.953231651,-0.044140742,
,,,,0,
,R T S.T,0,0.046768349,-0.046768349,
,,,,0,
,?.?,0,,0,
,,,,0,
K S P L,,,,0,
,,,,0,
,.K S P L,0.045454545,0,0.045454545,
,,,,0,
,K.S P L,0.236111111,0.521968076,-0.285856965,
,,,,0,
,K S.P L,0.68939394,0.478031924,0.211362016,
,,,,0,
,K S P.L,0.029040404,0,0.029040404,
,,,,0,
,?.?,0,,0,
,,,,0,
N D F,,,,0,
,,,,0,
,.N D F,0,0,0,
,,,,0,
,N.D F,0.181818182,0,0.181818182,
,,,,0,
,N D.F,0.818181819,1,-0.181818182,
,,,,0,
,N D F.,0,0,0,
,,,,0,
,?.?,0,,0,
,,,,0,
F SH,,,,0,
,,,,0,
,.F SH,0.045454545,0,0.045454545,
,,,,0,
,F.SH,0.954545455,1,-0.045454545,
,,,,0,
,F SH.,0,0,0,
,,,,0,
,?.?,0,,0,
,,,,0,
Z L,,,,0,
,,,,0,
,.Z L,0.167490119,0,0.167490119,
,,,,0,
,Z.L,0.832509881,1,-0.167490119,
,,,,0,
,Z L.,0,0,0,
,,,,0,
,?.?,0,,0,
,,,,0,
T P,,,,0,
,,,,0,
,.T P,0,0,0,
,,,,0,
,T.P,1,1,0,
,,,,0,
,T P.,0,0,0,
,,,,0,
,?.?,0,,0,
,,,,0,
TH P,,,,0,
,,,,0,
,.TH P,0.022727273,0,0.022727273,
,,,,0,
,TH.P,0.954545455,1,-0.045454545,
,,,,0,
,TH P.,0.022727273,0,0.022727273,
,,,,0,
,?.?,0,,0,
,,,,0,
B V,,,,0,
,,,,0,
,.B V,0.111660079,0,0.111660079,
,,,,0,
,B.V,0.866600791,1,-0.13339921,
,,,,0,
,B V.,0.021739131,0,0.021739131,
,,,,0,
,?.?,0,,0,
,,,,0,
N T HH,,,,0,
,,,,0,
,.N T HH,0,0,0,
,,,,0,
,N.T HH,0.181818182,0,0.181818182,
,,,,0,
,N T.HH,0.818181818,1,-0.181818182,
,,,,0,
,N T HH.,0,0,0,
,,,,0,
,?.?,0,,0,
,,,,0,
B T,,,,0,
,,,,0,
,.B T,0,0,0,
,,,,0,
,B.T,1,1,0,
,,,,0,
,B T.,0,0,0,
,,,,0,
,?.?,0,,0,
,,,,0,
R B L,,,,0,
,,,,0,
,.R B L,0,0,0,
,,,,0,
,R.B L,0.818181819,0.89475019,-0.076568371,
,,,,0,
,R B.L,0.136363636,0.10524981,0.031113826,
,,,,0,
,R B L.,0,0,0,
,,,,0,
,?.?,0.045454545,,0.045454545,
,,,,0,
K CH,,,,0,
,,,,0,
,.K CH,0.088965745,0,0.088965745,
,,,,0,
,K.CH,0.839064559,1,-0.160935441,
,,,,0,
,K CH.,0.071969697,0,0.071969697,
,,,,0,
,?.?,0,,0,
,,,,0,
S M,,,,0,
,,,,0,
,.S M,0.114940711,0.100892334,0.014048378,
,,,,0,
,S.M,0.870566535,0.899107666,-0.028541131,
,,,,0,
,S M.,0.014492754,0,0.014492754,
,,,,0,
,?.?,0,,0,
,,,,0,
L G R,,,,0,
,,,,0,
,.L G R,0,0,0,
,,,,0,
,L.G R,1,1,0,
,,,,0,
,L G.R,0,0,0,
,,,,0,
,L G R.,0,0,0,
,,,,0,
,?.?,0,,0,
,,,,0,
K F,,,,0,
,,,,0,
,.K F,0,0,0,
,,,,0,
,K.F,0.954545455,1,-0.045454545,
,,,,0,
,K F.,0.045454545,0,0.045454545,
,,,,0,
,?.?,0,,0,
,,,,0,
S Y,,,,0,
,,,,0,
,.S Y,0.461791831,0,0.461791831,
,,,,0,
,S.Y,0.523056654,1,-0.476943346,
,,,,0,
,S Y.,0,0,0,
,,,,0,
,?.?,0.015151515,,0.015151515,
,,,,0,
N CH,,,,0,
,,,,0,
,.N CH,0.022397892,0,0.022397892,
,,,,0,
,N.CH,0.890487484,0.730884322,0.159603161,
,,,,0,
,N CH.,0.087114624,0.269115678,-0.182001053,
,,,,0,
,?.?,0,,0,
,,,,0,
Z M,,,,0,
,,,,0,
,.Z M,0.075428195,0,0.075428195,
,,,,0,
,Z.M,0.90942029,1,-0.09057971,
,,,,0,
,Z M.,0.007575757,0,0.007575757,
,,,,0,
,?.?,0.007575757,,0.007575757,
,,,,0,
NG K T,,,,0,
,,,,0,
,.NG K T,0.044466403,0,0.044466403,
,,,,0,
,NG.K T,0.17687747,0,0.17687747,
,,,,0,
,NG K.T,0.712450593,0.50067659,0.211774003,
,,,,0,
,NG K T.,0.066205534,0.49932341,-0.433117876,
,,,,0,
,?.?,0,,0,
,,,,0,
L G,,,,0,
,,,,0,
,.L G,0,0,0,
,,,,0,
,L.G,0.954545455,1,-0.045454545,
,,,,0,
,L G.,0.045454545,0,0.045454545,
,,,,0,
,?.?,0,,0,
,,,,0,
L M,,,,0,
,,,,0,
,.L M,0.010869565,0,0.010869565,
,,,,0,
,L.M,0.932806324,0.984007853,-0.051201529,
,,,,0,
,L M.,0.056324111,0.015992147,0.040331964,
,,,,0,
,?.?,0,,0,
,,,,0,
L D W,,,,0,
,,,,0,
,.L D W,0,0,0,
,,,,0,
,L.D W,0.111660079,0.325445816,-0.213785737,
,,,,0,
,L D.W,0.540513834,0.674554184,-0.13404035,
,,,,0,
,L D W.,0.347826087,0,0.347826087,
,,,,0,
,?.?,0,,0,
,,,,0,
P HH,,,,0,
,,,,0,
,.P HH,0.044466403,0,0.044466403,
,,,,0,
,P.HH,0.933794467,1,-0.066205534,
,,,,0,
,P HH.,0.021739131,0,0.021739131,
,,,,0,
,?.?,0,,0,
,,,,0,
P G R,,,,0,
,,,,0,
,.P G R,0.045454545,0,0.045454545,
,,,,0,
,P.G R,0.954545455,1,-0.045454545,
,,,,0,
,P G.R,0,0,0,
,,,,0,
,P G R.,0,0,0,
,,,,0,
,?.?,0,,0,
,,,,0,
P S W,,,,0,
,,,,0,
,.P S W,0.045454545,0,0.045454545,
,,,,0,
,P.S W,0.954545455,0.740205709,0.214339746,
,,,,0,
,P S.W,0,0.259794291,-0.259794291,
,,,,0,
,P S W.,0,0,0,
,,,,0,
,?.?,0,,0,
,,,,0,
S JH,,,,0,
,,,,0,
,.S JH,0,0,0,
,,,,0,
,S.JH,0.954545455,1,-0.045454545,
,,,,0,
,S JH.,0.045454545,0,0.045454545,
,,,,0,
,?.?,0,,0,
,,,,0,
L DH,,,,0,
,,,,0,
,.L DH,0.045454545,0,0.045454545,
,,,,0,
,L.DH,0.954545455,1,-0.045454545,
,,,,0,
,L DH.,0,0,0,
,,,,0,
,?.?,0,,0,
,,,,0,
S F,,,,0,
,,,,0,
,.S F,0.026666667,0,0.026666667,
,,,,0,
,S.F,0.943030303,1,-0.056969697,
,,,,0,
,S F.,0.03030303,0,0.03030303,
,,,,0,
,?.?,0,,0,
,,,,0,
S L,,,,0,
,,,,0,
,.S L,0.358848108,0.401958325,-0.043110217,
,,,,0,
,S.L,0.628164879,0.598041675,0.030123204,
,,,,0,
,S L.,0.012987013,0,0.012987013,
,,,,0,
,?.?,0,,0,
,,,,0,
N S K R,,,,0,
,,,,0,
,.N S K R,0.015151515,0,0.015151515,
,,,,0,
,N.S K R,0.787878788,0.594985535,0.192893253,
,,,,0,
,N S.K R,0.181818182,0.405014465,-0.223196283,
,,,,0,
,N S K.R,0.015151515,0,0.015151515,
,,,,0,
,?.?,0,,0,
,,,,0,
L F R,,,,0,
,,,,0,
,.L F R,0.015151515,0,0.015151515,
,,,,0,
,L.F R,0.863636364,0.948561514,-0.08492515,
,,,,0,
,L F.R,0.075757575,0.051438486,0.024319089,
,,,,0,
,L F R.,0.015151515,0,0.015151515,
,,,,0,
,?.?,0.03030303,,0.03030303,
,,,,0,
R P,,,,0,
,,,,0,
,.R P,0.021739131,0,0.021739131,
,,,,0,
,R.P,0.919631093,0.946198619,-0.026567526,
,,,,0,
,R P.,0.058629776,0.053801381,0.004828395,
,,,,0,
,?.?,0,,0,
,,,,0,
N Z M,,,,0,
,,,,0,
,.N Z M,0,0,0,
,,,,0,
,N.Z M,0.067193676,0,0.067193676,
,,,,0,
,N Z.M,0.932806324,1,-0.067193676,
,,,,0,
,N Z M.,0,0,0,
,,,,0,
,?.?,0,,0,
,,,,0,
CH S T,,,,0,
,,,,0,
,.CH S T,0.090909091,0,0.090909091,
,,,,0,
,CH.S T,0.818181818,1,-0.181818182,
,,,,0,
,CH S.T,0.090909091,0,0.090909091,
,,,,0,
,CH S T.,0,0,0,
,,,,0,
,?.?,0,,0,
,,,,0,
K S CH,,,,0,
,,,,0,
,.K S CH,0.033596838,0,0.033596838,
,,,,0,
,K.S CH,0.280632411,0,0.280632411,
,,,,0,
,K S.CH,0.674407115,1,-0.325592885,
,,,,0,
,K S CH.,0.011363636,0,0.011363636,
,,,,0,
,?.?,0,,0,
,,,,0,
L D F,,,,0,
,,,,0,
,.L D F,0,0,0,
,,,,0,
,L.D F,0.022727273,0,0.022727273,
,,,,0,
,L D.F,0.977272728,1,-0.022727273,
,,,,0,
,L D F.,0,0,0,
,,,,0,
,?.?,0,,0,
,,,,0,
B Z,,,,0,
,,,,0,
,.B Z,0.066205534,0,0.066205534,
,,,,0,
,B.Z,0.933794467,1,-0.066205534,
,,,,0,
,B Z.,0,0,0,
,,,,0,
,?.?,0,,0,
,,,,0,
NG S P,,,,0,
,,,,0,
,.NG S P,0,0,0,
,,,,0,
,NG.S P,1,1,0,
,,,,0,
,NG S.P,0,0,0,
,,,,0,
,NG S P.,0,0,0,
,,,,0,
,?.?,0,,0,
,,,,0,
B S T,,,,0,
,,,,0,
,.B S T,0.056818182,0,0.056818182,
,,,,0,
,B.S T,0.90909091,1,-0.090909091,
,,,,0,
,B S.T,0.034090909,0,0.034090909,
,,,,0,
,B S T.,0,0,0,
,,,,0,
,?.?,0,,0,
,,,,0,
S T F,,,,0,
,,,,0,
,.S T F,0.045454545,0,0.045454545,
,,,,0,
,S.T F,0.045454545,0,0.045454545,
,,,,0,
,S T.F,0.90909091,1,-0.09090909,
,,,,0,
,S T F.,0,0,0,
,,,,0,
,?.?,0,,0,
,,,,0,
D S P R,,,,0,
,,,,0,
,.D S P R,0.045454545,0,0.045454545,
,,,,0,
,D.S P R,0.954545455,1,-0.045454545,
,,,,0,
,D S.P R,0,0,0,
,,,,0,
,D S P.R,0,0,0,
,,,,0,
,?.?,0,,0,
,,,,0,
TH K W,,,,0,
,,,,0,
,.TH K W,0,0,0,
,,,,0,
,TH.K W,0.045454545,1,-0.954545455,
,,,,0,
,TH K.W,0.954545455,0,0.954545455,
,,,,0,
,TH K W.,0,0,0,
,,,,0,
,?.?,0,,0,
,,,,0,
N N,,,,0,
,,,,0,
,.N N,0.190144928,0,0.190144928,
,,,,0,
,N.N,0.755362319,1,-0.244637681,
,,,,0,
,N N.,0.014492754,0,0.014492754,
,,,,0,
,?.?,0.04,,0.04,
,,,,0,
M HH,,,,0,
,,,,0,
,.M HH,0.045454545,0,0.045454545,
,,,,0,
,M.HH,0.045454545,1,-0.954545455,
,,,,0,
,M HH.,0.90909091,0,0.90909091,
,,,,0,
,?.?,0,,0,
,,,,0,
D Z M,,,,0,
,,,,0,
,.D Z M,0.022727273,0,0.022727273,
,,,,0,
,D.Z M,0.090909091,0,0.090909091,
,,,,0,
,D Z.M,0.886363637,0,0.886363637,
,,,,0,
,D Z M.,0,0,0,
,,,,0,
,?.?,0,,0,
,,,,0,
D M,,,,0,
,,,,0,
,.D M,0.026086957,0,0.026086957,
,,,,0,
,D.M,0.965217391,1,-0.034782609,
,,,,0,
,D M.,0.008695652,0,0.008695652,
,,,,0,
,?.?,0,,0,
,,,,0,
L S,,,,0,
,,,,0,
,.L S,0.01242236,0,0.01242236,
,,,,0,
,L.S,0.957795031,0.987823057,-0.030028026,
,,,,0,
,L S.,0.029782609,0.012176943,0.017605665,
,,,,0,
,?.?,0,,0,
,,,,0,
S T M,,,,0,
,,,,0,
,.S T M,0,0,0,
,,,,0,
,S.T M,0.075098814,0,0.075098814,
,,,,0,
,S T.M,0.924901186,1,-0.075098814,
,,,,0,
,S T M.,0,0,0,
,,,,0,
,?.?,0,,0,
,,,,0,
Z B,,,,0,
,,,,0,
,.Z B,0,0,0,
,,,,0,
,Z.B,1,1,0,
,,,,0,
,Z B.,0,0,0,
,,,,0,
,?.?,0,,0,
,,,,0,
P B,,,,0,
,,,,0,
,.P B,0.27140975,0,0.27140975,
,,,,0,
,P.B,0.713438735,1,-0.286561265,
,,,,0,
,P B.,0.015151515,0,0.015151515,
,,,,0,
,?.?,0,,0,
,,,,0,
Z P R,,,,0,
,,,,0,
,.Z P R,0.090909091,0,0.090909091,
,,,,0,
,Z.P R,0.909090909,1,-0.090909091,
,,,,0,
,Z P.R,0,0,0,
,,,,0,
,Z P R.,0,0,0,
,,,,0,
,?.?,0,,0,
,,,,0,
M TH,,,,0,
,,,,0,
,.M TH,0,0,0,
,,,,0,
,M.TH,1,1,0,
,,,,0,
,M TH.,0,0,0,
,,,,0,
,?.?,0,,0,
,,,,0,
NG K L,,,,0,
,,,,0,
,.NG K L,0,0,0,
,,,,0,
,NG.K L,0.409090909,0.25798212,0.151108789,
,,,,0,
,NG K.L,0.590909091,0.74201788,-0.151108789,
,,,,0,
,NG K L.,0,0,0,
,,,,0,
,?.?,0,,0,
,,,,0,
TH L,,,,0,
,,,,0,
,.TH L,0.134387352,0,0.134387352,
,,,,0,
,TH.L,0.865612648,1,-0.134387352,
,,,,0,
,TH L.,0,0,0,
,,,,0,
,?.?,0,,0,
,,,,0,
NG K R,,,,0,
,,,,0,
,.NG K R,0,0,0,
,,,,0,
,NG.K R,0.318181818,0.20585238,0.112329438,
,,,,0,
,NG K.R,0.681818182,0.79414762,-0.112329438,
,,,,0,
,NG K R.,0,0,0,
,,,,0,
,?.?,0,,0,
,,,,0,
DH M,,,,0,
,,,,0,
,.DH M,0.090909091,0,0.090909091,
,,,,0,
,DH.M,0.863636364,1,-0.136363636,
,,,,0,
,DH M.,0.045454545,0,0.045454545,
,,,,0,
,?.?,0,,0,
,,,,0,
P G,,,,0,
,,,,0,
,.P G,0,0,0,
,,,,0,
,P.G,1,1,0,
,,,,0,
,P G.,0,0,0,
,,,,0,
,?.?,0,,0,
,,,,0,
L K HH,,,,0,
,,,,0,
,.L K HH,0,0,0,
,,,,0,
,L.K HH,0.409090909,0,0.409090909,
,,,,0,
,L K.HH,0.590909091,1,-0.409090909,
,,,,0,
,L K HH.,0,0,0,
,,,,0,
,?.?,0,,0,
,,,,0,
R K R,,,,0,
,,,,0,
,.R K R,0,0,0,
,,,,0,
,R.K R,0.742424243,0.653540807,0.088883436,
,,,,0,
,R K.R,0.257575757,0.346459193,-0.088883436,
,,,,0,
,R K R.,0,0,0,
,,,,0,
,?.?,0,,0,
,,,,0,
R S L,,,,0,
,,,,0,
,.R S L,0,0,0,
,,,,0,
,R.S L,0.545454545,0.653878232,-0.108423686,
,,,,0,
,R S.L,0.454545455,0.346121768,0.108423686,
,,,,0,
,R S L.,0,0,0,
,,,,0,
,?.?,0,,0,
,,,,0,
L P T,,,,0,
,,,,0,
,.L P T,0,0,0,
,,,,0,
,L.P T,0.227272727,0,0.227272727,
,,,,0,
,L P.T,0.727272728,0.474358974,0.252913753,
,,,,0,
,L P T.,0.045454545,0.525641026,-0.480186481,
,,,,0,
,?.?,0,,0,
,,,,0,
NG K SH,,,,0,
,,,,0,
,.NG K SH,0.044137022,0,0.044137022,
,,,,0,
,NG.K SH,0.556653492,0,0.556653492,
,,,,0,
,NG K.SH,0.399209486,1,-0.600790514,
,,,,0,
,NG K SH.,0,0,0,
,,,,0,
,?.?,0,,0,
,,,,0,
L D L,,,,0,
,,,,0,
,.L D L,0,0,0,
,,,,0,
,L.D L,0.153162055,0,0.153162055,
,,,,0,
,L D.L,0.505928854,1,-0.494071146,
,,,,0,
,L D L.,0.340909091,0,0.340909091,
,,,,0,
,?.?,0,,0,
,,,,0,
K S T B,,,,0,
,,,,0,
,.K S T B,0,0,0,
,,,,0,
,K.S T B,0,0,0,
,,,,0,
,K S.T B,0.045454545,0,0.045454545,
,,,,0,
,K S T.B,0.954545455,1,-0.045454545,
,,,,0,
,?.?,0,,0,
,,,,0,
JH L,,,,0,
,,,,0,
,.JH L,0.272727273,0,0.272727273,
,,,,0,
,JH.L,0.727272727,1,-0.272727273,
,,,,0,
,JH L.,0,0,0,
,,,,0,
,?.?,0,,0,
,,,,0,
N K L,,,,0,
,,,,0,
,.N K L,0,0,0,
,,,,0,
,N.K L,0.988636364,1,-0.011363636,
,,,,0,
,N K.L,0.011363636,0,0.011363636,
,,,,0,
,N K L.,0,0,0,
,,,,0,
,?.?,0,,0,
,,,,0,
T S M,,,,0,
,,,,0,
,.T S M,0.090909091,0,0.090909091,
,,,,0,
,T.S M,0.082727273,0.968693775,-0.885966502,
,,,,0,
,T S.M,0.826363637,0.031306225,0.795057411,
,,,,0,
,T S M.,0,0,0,
,,,,0,
,?.?,0,,0,
,,,,0,
NG T,,,,0,
,,,,0,
,.NG T,0,0,0,
,,,,0,
,NG.T,1,1,0,
,,,,0,
,NG T.,0,0,0,
,,,,0,
,?.?,0,,0,
,,,,0,
B S K R,,,,0,
,,,,0,
,.B S K R,0.090909091,0,0.090909091,
,,,,0,
,B.S K R,0.818181818,1,-0.181818182,
,,,,0,
,B S.K R,0.090909091,0,0.090909091,
,,,,0,
,B S K.R,0,0,0,
,,,,0,
,?.?,0,,0,
,,,,0,
K P,,,,0,
,,,,0,
,.K P,0,0,0,
,,,,0,
,K.P,1,1,0,
,,,,0,
,K P.,0,0,0,
,,,,0,
,?.?,0,,0,
,,,,0,
R K S M,,,,0,
,,,,0,
,.R K S M,0,0,0,
,,,,0,
,R.K S M,0,0,0,
,,,,0,
,R K.S M,0.318181818,0.391608392,-0.073426574,
,,,,0,
,R K S.M,0.681818182,0.608391608,0.073426574,
,,,,0,
,?.?,0,,0,
,,,,0,
R R,,,,0,
,,,,0,
,.R R,0.090909091,0,0.090909091,
,,,,0,
,R.R,0.863636364,1,-0.136363636,
,,,,0,
,R R.,0.045454545,0,0.045454545,
,,,,0,
,?.?,0,,0,
,,,,0,
N D S,,,,0,
,,,,0,
,.N D S,0,0,0,
,,,,0,
,N.D S,0.136363636,0,0.136363636,
,,,,0,
,N D.S,0.863636364,1,-0.136363636,
,,,,0,
,N D S.,0,0,0,
,,,,0,
,?.?,0,,0,
,,,,0,
P F R,,,,0,
,,,,0,
,.P F R,0.136363636,0,0.136363636,
,,,,0,
,P.F R,0.772727273,1,-0.227272727,
,,,,0,
,P F.R,0.090909091,0,0.090909091,
,,,,0,
,P F R.,0,0,0,
,,,,0,
,?.?,0,,0,
,,,,0,
N D CH,,,,0,
,,,,0,
,.N D CH,0,0,0,
,,,,0,
,N.D CH,0.318181818,0,0.318181818,
,,,,0,
,N D.CH,0.681818182,1,-0.318181818,
,,,,0,
,N D CH.,0,0,0,
,,,,0,
,?.?,0,,0,
,,,,0,
N D SH,,,,0,
,,,,0,
,.N D SH,0.022727273,0,0.022727273,
,,,,0,
,N.D SH,0.175889328,0,0.175889328,
,,,,0,
,N D.SH,0.801383399,1,-0.198616601,
,,,,0,
,N D SH.,0,0,0,
,,,,0,
,?.?,0,,0,
,,,,0,
N F Y,,,,0,
,,,,0,
,.N F Y,0.045454545,0,0.045454545,
,,,,0,
,N.F Y,0.954545455,1,-0.045454545,
,,,,0,
,N F.Y,0,0,0,
,,,,0,
,N F Y.,0,0,0,
,,,,0,
,?.?,0,,0,
,,,,0,
L W,,,,0,
,,,,0,
,.L W,0,0,0,
,,,,0,
,L.W,0.988636364,1,-0.011363636,
,,,,0,
,L W.,0.011363636,0,0.011363636,
,,,,0,
,?.?,0,,0,
,,,,0,
R D Z M,,,,0,
,,,,0,
,.R D Z M,0,0,0,
,,,,0,
,R.D Z M,0.136363636,0,0.136363636,
,,,,0,
,R D.Z M,0.181818182,0,0.181818182,
,,,,0,
,R D Z.M,0.681818182,0,0.681818182,
,,,,0,
,?.?,0,,0,
,,,,0,
D F L,,,,0,
,,,,0,
,.D F L,0.090909091,0,0.090909091,
,,,,0,
,D.F L,0.909090909,1,-0.090909091,
,,,,0,
,D F.L,0,0,0,
,,,,0,
,D F L.,0,0,0,
,,,,0,
,?.?,0,,0,
,,,,0,
S T B,,,,0,
,,,,0,
,.S T B,0.090909091,0,0.090909091,
,,,,0,
,S.T B,0.045454545,0,0.045454545,
,,,,0,
,S T.B,0.863636364,1,-0.136363636,
,,,,0,
,S T B.,0,0,0,
,,,,0,
,?.?,0,,0,
,,,,0,
NG P L,,,,0,
,,,,0,
,.NG P L,0,0,0,
,,,,0,
,NG.P L,1,1,0,
,,,,0,
,NG P.L,0,0,0,
,,,,0,
,NG P L.,0,0,0,
,,,,0,
,?.?,0,,0,
,,,,0,
P JH,,,,0,
,,,,0,
,.P JH,0,0,0,
,,,,0,
,P.JH,1,1,0,
,,,,0,
,P JH.,0,0,0,
,,,,0,
,?.?,0,,0,
,,,,0,
M P L,,,,0,
,,,,0,
,.M P L,0.01242236,0,0.01242236,
,,,,0,
,M.P L,0.943769998,0.681137149,0.262632849,
,,,,0,
,M P.L,0.043807641,0.318862851,-0.275055209,
,,,,0,
,M P L.,0,0,0,
,,,,0,
,?.?,0,,0,
,,,,0,
G Y,,,,0,
,,,,0,
,.G Y,0.473320158,0.233599759,0.239720399,
,,,,0,
,G.Y,0.526679842,0.766400241,-0.239720399,
,,,,0,
,G Y.,0,0,0,
,,,,0,
,?.?,0,,0,
,,,,0,
R D B,,,,0,
,,,,0,
,.R D B,0,0,0,
,,,,0,
,R.D B,0.045454545,0,0.045454545,
,,,,0,
,R D.B,0.954545455,1,-0.045454545,
,,,,0,
,R D B.,0,0,0,
,,,,0,
,?.?,0,,0,
,,,,0,
M M,,,,0,
,,,,0,
,.M M,0.272727273,0,0.272727273,
,,,,0,
,M.M,0.681818182,1,-0.318181818,
,,,,0,
,M M.,0.045454545,0,0.045454545,
,,,,0,
,?.?,0,,0,
,,,,0,
M Y,,,,0,
,,,,0,
,.M Y,0.822504941,0.588414055,0.234090886,
,,,,0,
,M.Y,0.166131423,0.411585945,-0.245454522,
,,,,0,
,M Y.,0.011363636,0,0.011363636,
,,,,0,
,?.?,0,,0,
,,,,0,
NG S T,,,,0,
,,,,0,
,.NG S T,0.044466403,0,0.044466403,
,,,,0,
,NG.S T,0.865612648,0.846837124,0.018775524,
,,,,0,
,NG S.T,0.089920949,0,0.089920949,
,,,,0,
,NG S T.,0,0.153162876,-0.153162876,
,,,,0,
,?.?,0,,0,
,,,,0,
JH P,,,,0,
,,,,0,
,.JH P,0,0,0,
,,,,0,
,JH.P,1,1,0,
,,,,0,
,JH P.,0,0,0,
,,,,0,
,?.?,0,,0,
,,,,0,
S P Y,,,,0,
,,,,0,
,.S P Y,0.136363636,0.255441953,-0.119078316,
,,,,0,
,S.P Y,0.818181819,0.70646438,0.111717439,
,,,,0,
,S P.Y,0.045454545,0.038093668,0.007360877,
,,,,0,
,S P Y.,0,0,0,
,,,,0,
,?.?,0,,0,
,,,,0,
T S T,,,,0,
,,,,0,
,.T S T,0,0,0,
,,,,0,
,T.S T,0.954545455,0.997962907,-0.043417452,
,,,,0,
,T S.T,0.045454545,0.002037093,0.043417452,
,,,,0,
,T S T.,0,0,0,
,,,,0,
,?.?,0,,0,
,,,,0,
V T,,,,0,
,,,,0,
,.V T,0.045454545,0,0.045454545,
,,,,0,
,V.T,0.90909091,1,-0.09090909,
,,,,0,
,V T.,0,0,0,
,,,,0,
,?.?,0.045454545,,0.045454545,
,,,,0,
N B,,,,0,
,,,,0,
,.N B,0,0,0,
,,,,0,
,N.B,1,1,0,
,,,,0,
,N B.,0,0,0,
,,,,0,
,?.?,0,,0,
,,,,0,
M Z,,,,0,
,,,,0,
,.M Z,0,0,0,
,,,,0,
,M.Z,0.926767677,1,-0.073232323,
,,,,0,
,M Z.,0.073232323,0,0.073232323,
,,,,0,
,?.?,0,,0,
,,,,0,
R T HH,,,,0,
,,,,0,
,.R T HH,0,0,0,
,,,,0,
,R.T HH,0.106060606,0,0.106060606,
,,,,0,
,R T.HH,0.893939394,1,-0.106060606,
,,,,0,
,R T HH.,0,0,0,
,,,,0,
,?.?,0,,0,
,,,,0,
T G R,,,,0,
,,,,0,
,.T G R,0.090909091,0,0.090909091,
,,,,0,
,T.G R,0.863636364,1,-0.136363636,
,,,,0,
,T G.R,0.045454545,0,0.045454545,
,,,,0,
,T G R.,0,0,0,
,,,,0,
,?.?,0,,0,
,,,,0,
B Z M,,,,0,
,,,,0,
,.B Z M,0.045454545,0,0.045454545,
,,,,0,
,B.Z M,0.181818182,0,0.181818182,
,,,,0,
,B Z.M,0.727272728,0,0.727272728,
,,,,0,
,B Z M.,0.045454545,0,0.045454545,
,,,,0,
,?.?,0,,0,
,,,,0,
R S T,,,,0,
,,,,0,
,.R S T,0.045454545,0,0.045454545,
,,,,0,
,R.S T,0.954545455,0.833154964,0.121390491,
,,,,0,
,R S.T,0,0.166845036,-0.166845036,
,,,,0,
,R S T.,0,0,0,
,,,,0,
,?.?,0,,0,
,,,,0,
M F L,,,,0,
,,,,0,
,.M F L,0,0,0,
,,,,0,
,M.F L,0.891304348,0.977304688,-0.08600034,
,,,,0,
,M F.L,0.108695652,0.022695313,0.08600034,
,,,,0,
,M F L.,0,0,0,
,,,,0,
,?.?,0,,0,
,,,,0,
TH N,,,,0,
,,,,0,
,.TH N,0,0,0,
,,,,0,
,TH.N,1,1,0,
,,,,0,
,TH N.,0,0,0,
,,,,0,
,?.?,0,,0,
,,,,0,
R TH W,,,,0,
,,,,0,
,.R TH W,0,0,0,
,,,,0,
,R.TH W,0.220685112,0.233810498,-0.013125386,
,,,,0,
,R TH.W,0.779314888,0.766189502,0.013125386,
,,,,0,
,R TH W.,0,0,0,
,,,,0,
,?.?,0,,0,
,,,,0,
L S HH,,,,0,
,,,,0,
,.L S HH,0,0,0,
,,,,0,
,L.S HH,0.090909091,0,0.090909091,
,,,,0,
,L S.HH,0.909090909,1,-0.090909091,
,,,,0,
,L S HH.,0,0,0,
,,,,0,
,?.?,0,,0,
,,,,0,
R M L,,,,0,
,,,,0,
,.R M L,0,0,0,
,,,,0,
,R.M L,0.181818182,0,0.181818182,
,,,,0,
,R M.L,0.818181818,1,-0.181818182,
,,,,0,
,R M L.,0,0,0,
,,,,0,
,?.?,0,,0,
,,,,0,
R M HH,,,,0,
,,,,0,
,.R M HH,0,0,0,
,,,,0,
,R.M HH,0.181818182,0,0.181818182,
,,,,0,
,R M.HH,0.772727273,1,-0.227272727,
,,,,0,
,R M HH.,0,0,0,
,,,,0,
,?.?,0.045454545,,0.045454545,
,,,,0,
K S K L,,,,0,
,,,,0,
,.K S K L,0,0,0,
,,,,0,
,K.S K L,0.181818182,0.073746861,0.108071321,
,,,,0,
,K S.K L,0.818181818,0.926253139,-0.108071321,
,,,,0,
,K S K.L,0,0,0,
,,,,0,
,?.?,0,,0,
,,,,0,
F T S M,,,,0,
,,,,0,
,.F T S M,0.044466403,0,0.044466403,
,,,,0,
,F.T S M,0.179841898,0,0.179841898,
,,,,0,
,F T.S M,0.198616601,1,-0.801383399,
,,,,0,
,F T S.M,0.577075099,0,0.577075099,
,,,,0,
,?.?,0,,0,
,,,,0,
R ZH W,,,,0,
,,,,0,
,.R ZH W,0,0,0,
,,,,0,
,R.ZH W,0.545454546,0,0.545454546,
,,,,0,
,R ZH.W,0.318181818,0,0.318181818,
,,,,0,
,R ZH W.,0,0,0,
,,,,0,
,?.?,0.136363636,,0.136363636,
,,,,0,
DH Y,,,,0,
,,,,0,
,.DH Y,0.772727273,0,0.772727273,
,,,,0,
,DH.Y,0.181818182,1,-0.818181818,
,,,,0,
,DH Y.,0.045454545,0,0.045454545,
,,,,0,
,?.?,0,,0,
,,,,0,
N S L,,,,0,
,,,,0,
,.N S L,0,0,0,
,,,,0,
,N.S L,1,0.507336126,0.492663874,
,,,,0,
,N S.L,0,0.492663874,-0.492663874,
,,,,0,
,N S L.,0,0,0,
,,,,0,
,?.?,0,,0,
,,,,0,
R TH,,,,0,
,,,,0,
,.R TH,0,0,0,
,,,,0,
,R.TH,0.590909091,0.638483394,-0.047574303,
,,,,0,
,R TH.,0.409090909,0.361516606,0.047574303,
,,,,0,
,?.?,0,,0,
,,,,0,
T D,,,,0,
,,,,0,
,.T D,0.088932806,0,0.088932806,
,,,,0,
,T.D,0.911067194,1,-0.088932806,
,,,,0,
,T D.,0,0,0,
,,,,0,
,?.?,0,,0,
,,,,0,
D D,,,,0,
,,,,0,
,.D D,0.136363636,0,0.136363636,
,,,,0,
,D.D,0.818181819,1,-0.181818181,
,,,,0,
,D D.,0.045454545,0,0.045454545,
,,,,0,
,?.?,0,,0,
,,,,0,
R K L,,,,0,
,,,,0,
,.R K L,0,0,0,
,,,,0,
,R.K L,1,0.716723549,0.283276451,
,,,,0,
,R K.L,0,0.283276451,-0.283276451,
,,,,0,
,R K L.,0,0,0,
,,,,0,
,?.?,0,,0,
,,,,0,
R K W,,,,0,
,,,,0,
,.R K W,0,0,0,
,,,,0,
,R.K W,0.574545454,0.796891941,-0.222346486,
,,,,0,
,R K.W,0.425454546,0.203108059,0.222346486,
,,,,0,
,R K W.,0,0,0,
,,,,0,
,?.?,0,,0,
,,,,0,
NG HH,,,,0,
,,,,0,
,.NG HH,0,0,0,
,,,,0,
,NG.HH,1,1,0,
,,,,0,
,NG HH.,0,0,0,
,,,,0,
,?.?,0,,0,
,,,,0,
N M,,,,0,
,,,,0,
,.N M,0.044137022,0,0.044137022,
,,,,0,
,N.M,0.92687747,1,-0.07312253,
,,,,0,
,N M.,0.028985507,0,0.028985507,
,,,,0,
,?.?,0,,0,
,,,,0,
R M P,,,,0,
,,,,0,
,.R M P,0,0,0,
,,,,0,
,R.M P,0.090909091,0,0.090909091,
,,,,0,
,R M.P,0.909090909,1,-0.090909091,
,,,,0,
,R M P.,0,0,0,
,,,,0,
,?.?,0,,0,
,,,,0,
R G R,,,,0,
,,,,0,
,.R G R,0,0,0,
,,,,0,
,R.G R,1,0.977785018,0.022214982,
,,,,0,
,R G.R,0,0.022214982,-0.022214982,
,,,,0,
,R G R.,0,0,0,
,,,,0,
,?.?,0,,0,
,,,,0,
NG G R,,,,0,
,,,,0,
,.NG G R,0,0,0,
,,,,0,
,NG.G R,0.869565217,1,-0.130434783,
,,,,0,
,NG G.R,0.130434783,0,0.130434783,
,,,,0,
,NG G R.,0,0,0,
,,,,0,
,?.?,0,,0,
,,,,0,
K S K Y,,,,0,
,,,,0,
,.K S K Y,0.043478261,0,0.043478261,
,,,,0,
,K.S K Y,0.347826087,0.235591206,0.112234881,
,,,,0,
,K S.K Y,0.565217391,0.764408794,-0.199191403,
,,,,0,
,K S K.Y,0.043478261,0,0.043478261,
,,,,0,
,?.?,0,,0,
,,,,0,
D B,,,,0,
,,,,0,
,.D B,0.021739131,0,0.021739131,
,,,,0,
,D.B,0.97826087,1,-0.021739131,
,,,,0,
,D B.,0,0,0,
,,,,0,
,?.?,0,,0,
,,,,0,
V L,,,,0,
,,,,0,
,.V L,0.130434783,0,0.130434783,
,,,,0,
,V.L,0.826086956,1,-0.173913044,
,,,,0,
,V L.,0.043478261,0,0.043478261,
,,,,0,
,?.?,0,,0,
,,,,0,
B S T R,,,,0,
,,,,0,
,.B S T R,0,0,0,
,,,,0,
,B.S T R,0.97826087,1,-0.021739131,
,,,,0,
,B S.T R,0.021739131,0,0.021739131,
,,,,0,
,B S T.R,0,0,0,
,,,,0,
,?.?,0,,0,
,,,,0,
N D Z M,,,,0,
,,,,0,
,.N D Z M,0,0,0,
,,,,0,
,N.D Z M,0.130434783,0,0.130434783,
,,,,0,
,N D.Z M,0.173913043,0,0.173913043,
,,,,0,
,N D Z.M,0.695652174,0,0.695652174,
,,,,0,
,?.?,0,,0,
,,,,0,
DH D R,,,,0,
,,,,0,
,.DH D R,0.086956522,0,0.086956522,
,,,,0,
,DH.D R,0.913043478,1,-0.086956522,
,,,,0,
,DH D.R,0,0,0,
,,,,0,
,DH D R.,0,0,0,
,,,,0,
,?.?,0,,0,
,,,,0,
M P T,,,,0,
,,,,0,
,.M P T,0,0,0,
,,,,0,
,M.P T,0.173913043,0,0.173913043,
,,,,0,
,M P.T,0.782608696,0.600649351,0.181959345,
,,,,0,
,M P T.,0.043478261,0.399350649,-0.355872388,
,,,,0,
,?.?,0,,0,
,,,,0,
L S P,,,,0,
,,,,0,
,.L S P,0,0,0,
,,,,0,
,L.S P,1,0.973465937,0.026534063,
,,,,0,
,L S.P,0,0.026534063,-0.026534063,
,,,,0,
,L S P.,0,0,0,
,,,,0,
,?.?,0,,0,
,,,,0,
R N M,,,,0,
,,,,0,
,.R N M,0,0,0,
,,,,0,
,R.N M,0.043478261,0,0.043478261,
,,,,0,
,R N.M,0.956521739,1,-0.043478261,
,,,,0,
,R N M.,0,0,0,
,,,,0,
,?.?,0,,0,
,,,,0,
V N,,,,0,
,,,,0,
,.V N,0.086956522,0,0.086956522,
,,,,0,
,V.N,0.869565217,1,-0.130434783,
,,,,0,
,V N.,0.043478261,0,0.043478261,
,,,,0,
,?.?,0,,0,
,,,,0,
M F,,,,0,
,,,,0,
,.M F,0,0,0,
,,,,0,
,M.F,0.956521739,0.96752218,-0.011000441,
,,,,0,
,M F.,0.043478261,0.03247782,0.011000441,
,,,,0,
,?.?,0,,0,
,,,,0,
F S,,,,0,
,,,,0,
,.F S,0.043478261,0,0.043478261,
,,,,0,
,F.S,0.956521739,1,-0.043478261,
,,,,0,
,F S.,0,0,0,
,,,,0,
,?.?,0,,0,
,,,,0,
S S P,,,,0,
,,,,0,
,.S S P,0.130434783,0,0.130434783,
,,,,0,
,S.S P,0.826086956,1,-0.173913044,
,,,,0,
,S S.P,0,0,0,
,,,,0,
,S S P.,0,0,0,
,,,,0,
,?.?,0.043478261,,0.043478261,
,,,,0,
S HH,,,,0,
,,,,0,
,.S HH,0.065217392,0,0.065217392,
,,,,0,
,S.HH,0.934782609,1,-0.065217392,
,,,,0,
,S HH.,0,0,0,
,,,,0,
,?.?,0,,0,
,,,,0,
D S T,,,,0,
,,,,0,
,.D S T,0.217391304,0,0.217391304,
,,,,0,
,D.S T,0.695652174,0.953192785,-0.257540611,
,,,,0,
,D S.T,0.086956522,0,0.086956522,
,,,,0,
,D S T.,0,0.046807215,-0.046807215,
,,,,0,
,?.?,0,,0,
,,,,0,
R M CH,,,,0,
,,,,0,
,.R M CH,0,0,0,
,,,,0,
,R.M CH,0.086956522,0,0.086956522,
,,,,0,
,R M.CH,0.913043478,1,-0.086956522,
,,,,0,
,R M CH.,0,0,0,
,,,,0,
,?.?,0,,0,
,,,,0,
M T,,,,0,
,,,,0,
,.M T,0,0,0,
,,,,0,
,M.T,1,1,0,
,,,,0,
,M T.,0,0,0,
,,,,0,
,?.?,0,,0,
,,,,0,
N S F Y,,,,0,
,,,,0,
,.N S F Y,0,0,0,
,,,,0,
,N.S F Y,0.130434783,0,0.130434783,
,,,,0,
,N S.F Y,0.869565217,1,-0.130434783,
,,,,0,
,N S F.Y,0,0,0,
,,,,0,
,?.?,0,,0,
,,,,0,
R T L,,,,0,
,,,,0,
,.R T L,0.014492754,0,0.014492754,
,,,,0,
,R.T L,0.071304348,0,0.071304348,
,,,,0,
,R T.L,0.899710145,1,-0.100289855,
,,,,0,
,R T L.,0.014492754,0,0.014492754,
,,,,0,
,?.?,0,,0,
,,,,0,
B W,,,,0,
,,,,0,
,.B W,0.173913043,0,0.173913043,
,,,,0,
,B.W,0.826086957,1,-0.173913043,
,,,,0,
,B W.,0,0,0,
,,,,0,
,?.?,0,,0,
,,,,0,
K M,,,,0,
,,,,0,
,.K M,0.02173913,0,0.02173913,
,,,,0,
,K.M,0.72826087,1,-0.27173913,
,,,,0,
,K M.,0.228260869,0,0.228260869,
,,,,0,
,?.?,0.02173913,,0.02173913,
,,,,0,
K S F,,,,0,
,,,,0,
,.K S F,0,0,0,
,,,,0,
,K.S F,0.130434783,0,0.130434783,
,,,,0,
,K S.F,0.826086956,1,-0.173913044,
,,,,0,
,K S F.,0.043478261,0,0.043478261,
,,,,0,
,?.?,0,,0,
,,,,0,
T TH R,,,,0,
,,,,0,
,.T TH R,0.043478261,0,0.043478261,
,,,,0,
,T.TH R,0.913043478,0.965958376,-0.052914898,
,,,,0,
,T TH.R,0.043478261,0.034041624,0.009436637,
,,,,0,
,T TH R.,0,0,0,
,,,,0,
,?.?,0,,0,
,,,,0,
N T N,,,,0,
,,,,0,
,.N T N,0.043478261,0,0.043478261,
,,,,0,
,N.T N,0.217391304,0,0.217391304,
,,,,0,
,N T.N,0.739130435,1,-0.260869565,
,,,,0,
,N T N.,0,0,0,
,,,,0,
,?.?,0,,0,
,,,,0,
CH B,,,,0,
,,,,0,
,.CH B,0,0,0,
,,,,0,
,CH.B,1,1,0,
,,,,0,
,CH B.,0,0,0,
,,,,0,
,?.?,0,,0,
,,,,0,
S T HH,,,,0,
,,,,0,
,.S T HH,0.043478261,0,0.043478261,
,,,,0,
,S.T HH,0.217391304,0,0.217391304,
,,,,0,
,S T.HH,0.739130435,1,-0.260869565,
,,,,0,
,S T HH.,0,0,0,
,,,,0,
,?.?,0,,0,
,,,,0,
P M,,,,0,
,,,,0,
,.P M,0,0,0,
,,,,0,
,P.M,1,1,0,
,,,,0,
,P M.,0,0,0,
,,,,0,
,?.?,0,,0,
,,,,0,
V W,,,,0,
,,,,0,
,.V W,0.173913043,0,0.173913043,
,,,,0,
,V.W,0.826086957,1,-0.173913043,
,,,,0,
,V W.,0,0,0,
,,,,0,
,?.?,0,,0,
,,,,0,
T Z,,,,0,
,,,,0,
,.T Z,0.173913043,0,0.173913043,
,,,,0,
,T.Z,0.782608696,1,-0.217391304,
,,,,0,
,T Z.,0.043478261,0,0.043478261,
,,,,0,
,?.?,0,,0,
,,,,0,
L S L,,,,0,
,,,,0,
,.L S L,0,0,0,
,,,,0,
,L.S L,0.956521739,0.973913936,-0.017392197,
,,,,0,
,L S.L,0.043478261,0.026086064,0.017392197,
,,,,0,
,L S L.,0,0,0,
,,,,0,
,?.?,0,,0,
,,,,0,
TH R,,,,0,
,,,,0,
,.TH R,0.956521739,0.559914714,0.396607025,
,,,,0,
,TH.R,0.043478261,0.440085286,-0.396607025,
,,,,0,
,TH R.,0,0,0,
,,,,0,
,?.?,0,,0,
,,,,0,
L D R,,,,0,
,,,,0,
,.L D R,0,0,0,
,,,,0,
,L.D R,0.92,0.754007537,0.165992463,
,,,,0,
,L D.R,0.08,0.245992463,-0.165992463,
,,,,0,
,L D R.,0,0,0,
,,,,0,
,?.?,0,,0,
,,,,0,
M P SH,,,,0,
,,,,0,
,.M P SH,0.043478261,0,0.043478261,
,,,,0,
,M.P SH,0.173913043,0,0.173913043,
,,,,0,
,M P.SH,0.782608696,1,-0.217391304,
,,,,0,
,M P SH.,0,0,0,
,,,,0,
,?.?,0,,0,
,,,,0,
R T S HH,,,,0,
,,,,0,
,.R T S HH,0,0,0,
,,,,0,
,R.T S HH,0.173913043,0,0.173913043,
,,,,0,
,R T.S HH,0.782608696,0,0.782608696,
,,,,0,
,R T S.HH,0.043478261,1,-0.956521739,
,,,,0,
,?.?,0,,0,
,,,,0,
Z W,,,,0,
,,,,0,
,.Z W,0.086956522,0,0.086956522,
,,,,0,
,Z.W,0.913043478,1,-0.086956522,
,,,,0,
,Z W.,0,0,0,
,,,,0,
,?.?,0,,0,
,,,,0,
T K L,,,,0,
,,,,0,
,.T K L,0.086956522,0,0.086956522,
,,,,0,
,T.K L,0.913043478,1,-0.086956522,
,,,,0,
,T K.L,0,0,0,
,,,,0,
,T K L.,0,0,0,
,,,,0,
,?.?,0,,0,
,,,,0,
M SH,,,,0,
,,,,0,
,.M SH,0,0,0,
,,,,0,
,M.SH,1,1,0,
,,,,0,
,M SH.,0,0,0,
,,,,0,
,?.?,0,,0,
,,,,0,
N Z V,,,,0,
,,,,0,
,.N Z V,0,0,0,
,,,,0,
,N.Z V,0.130434783,0,0.130434783,
,,,,0,
,N Z.V,0.869565217,1,-0.130434783,
,,,,0,
,N Z V.,0,0,0,
,,,,0,
,?.?,0,,0,
,,,,0,
JH M,,,,0,
,,,,0,
,.JH M,0.043478261,0,0.043478261,
,,,,0,
,JH.M,0.956521739,1,-0.043478261,
,,,,0,
,JH M.,0,0,0,
,,,,0,
,?.?,0,,0,
,,,,0,
P Y,,,,0,
,,,,0,
,.P Y,0.739130435,0.795068722,-0.055938287,
,,,,0,
,P.Y,0.173913043,0.204931278,-0.031018235,
,,,,0,
,P Y.,0,0,0,
,,,,0,
,?.?,0.086956522,,0.086956522,
,,,,0,
L M Z M,,,,0,
,,,,0,
,.L M Z M,0,0,0,
,,,,0,
,L.M Z M,0,0,0,
,,,,0,
,L M.Z M,0.260869565,0,0.260869565,
,,,,0,
,L M Z.M,0.739130435,0,0.739130435,
,,,,0,
,?.?,0,,0,
,,,,0,
K T R,,,,0,
,,,,0,
,.K T R,0.043478261,0,0.043478261,
,,,,0,
,K.T R,0.807065218,0.562048008,0.24501721,
,,,,0,
,K T.R,0.149456522,0.437951992,-0.288495471,
,,,,0,
,K T R.,0,0,0,
,,,,0,
,?.?,0,,0,
,,,,0,
D N,,,,0,
,,,,0,
,.D N,0,0,0,
,,,,0,
,D.N,1,1,0,
,,,,0,
,D N.,0,0,0,
,,,,0,
,?.?,0,,0,
,,,,0,
R G Y,,,,0,
,,,,0,
,.R G Y,0,0,0,
,,,,0,
,R.G Y,0.782608696,0.690140845,0.092467851,
,,,,0,
,R G.Y,0.217391304,0.309859155,-0.092467851,
,,,,0,
,R G Y.,0,0,0,
,,,,0,
,?.?,0,,0,
,,,,0,
P S T R,,,,0,
,,,,0,
,.P S T R,0.043478261,0,0.043478261,
,,,,0,
,P.S T R,0.913043478,0.795544498,0.11749898,
,,,,0,
,P S.T R,0.043478261,0.204455502,-0.160977241,
,,,,0,
,P S T.R,0,0,0,
,,,,0,
,?.?,0,,0,
,,,,0,
NG TH W,,,,0,
,,,,0,
,.NG TH W,0,0,0,
,,,,0,
,NG.TH W,0.260869565,0.152337858,0.108531707,
,,,,0,
,NG TH.W,0.739130435,0.847662142,-0.108531707,
,,,,0,
,NG TH W.,0,0,0,
,,,,0,
,?.?,0,,0,
,,,,0,
N Z F,,,,0,
,,,,0,
,.N Z F,0,0,0,
,,,,0,
,N.Z F,0.083333333,0,0.083333333,
,,,,0,
,N Z.F,0.916666667,1,-0.083333333,
,,,,0,
,N Z F.,0,0,0,
,,,,0,
,?.?,0,,0,
,,,,0,
S N,,,,0,
,,,,0,
,.S N,0.041666667,0.346771478,-0.305104811,
,,,,0,
,S.N,0.958333333,0.653228522,0.305104811,
,,,,0,
,S N.,0,0,0,
,,,,0,
,?.?,0,,0,
,,,,0,
S T W,,,,0,
,,,,0,
,.S T W,0,0,0,
,,,,0,
,S.T W,0.083333333,0.201007855,-0.117674522,
,,,,0,
,S T.W,0.916666667,0.798992145,0.117674522,
,,,,0,
,S T W.,0,0,0,
,,,,0,
,?.?,0,,0,
,,,,0,
T B R,,,,0,
,,,,0,
,.T B R,0,0,0,
,,,,0,
,T.B R,0.958333333,1,-0.041666667,
,,,,0,
,T B.R,0,0,0,
,,,,0,
,T B R.,0.041666667,0,0.041666667,
,,,,0,
,?.?,0,,0,
,,,,0,
L D K,,,,0,
,,,,0,
,.L D K,0,0,0,
,,,,0,
,L.D K,0.125,0,0.125,
,,,,0,
,L D.K,0.875,1,-0.125,
,,,,0,
,L D K.,0,0,0,
,,,,0,
,?.?,0,,0,
,,,,0,
T SH,,,,0,
,,,,0,
,.T SH,0.083333333,0,0.083333333,
,,,,0,
,T.SH,0.916666667,1,-0.083333333,
,,,,0,
,T SH.,0,0,0,
,,,,0,
,?.?,0,,0,
,,,,0,
CH HH,,,,0,
,,,,0,
,.CH HH,0.125,0,0.125,
,,,,0,
,CH.HH,0.875,1,-0.125,
,,,,0,
,CH HH.,0,0,0,
,,,,0,
,?.?,0,,0,
,,,,0,
S T N,,,,0,
,,,,0,
,.S T N,0.041666667,0,0.041666667,
,,,,0,
,S.T N,0.125,0,0.125,
,,,,0,
,S T.N,0.833333333,1,-0.166666667,
,,,,0,
,S T N.,0,0,0,
,,,,0,
,?.?,0,,0,
,,,,0,
N D B,,,,0,
,,,,0,
,.N D B,0,0,0,
,,,,0,
,N.D B,0.208333333,0,0.208333333,
,,,,0,
,N D.B,0.791666667,1,-0.208333333,
,,,,0,
,N D B.,0,0,0,
,,,,0,
,?.?,0,,0,
,,,,0,
M P T R,,,,0,
,,,,0,
,.M P T R,0.041666667,0,0.041666667,
,,,,0,
,M.P T R,0.083333333,0,0.083333333,
,,,,0,
,M P.T R,0.791666667,0.674425545,0.117241122,
,,,,0,
,M P T.R,0.083333333,0.325574455,-0.242241122,
,,,,0,
,?.?,0,,0,
,,,,0,
F T B,,,,0,
,,,,0,
,.F T B,0,0,0,
,,,,0,
,F.T B,0.083333333,0,0.083333333,
,,,,0,
,F T.B,0.916666667,1,-0.083333333,
,,,,0,
,F T B.,0,0,0,
,,,,0,
,?.?,0,,0,
,,,,0,
P W,,,,0,
,,,,0,
,.P W,0.166666667,0,0.166666667,
,,,,0,
,P.W,0.833333333,1,-0.166666667,
,,,,0,
,P W.,0,0,0,
,,,,0,
,?.?,0,,0,
,,,,0,
R F R,,,,0,
,,,,0,
,.R F R,0,0,0,
,,,,0,
,R.F R,1,0.917413136,0.082586864,
,,,,0,
,R F.R,0,0.082586864,-0.082586864,
,,,,0,
,R F R.,0,0,0,
,,,,0,
,?.?,0,,0,
,,,,0,
N T S M,,,,0,
,,,,0,
,.N T S M,0,0,0,
,,,,0,
,N.T S M,0.2,0,0.2,
,,,,0,
,N T.S M,0.8,1,-0.2,
,,,,0,
,N T S.M,0,0,0,
,,,,0,
,?.?,0,,0,
,,,,0,
L P W,,,,0,
,,,,0,
,.L P W,0,0,0,
,,,,0,
,L.P W,0.2,0,0.2,
,,,,0,
,L P.W,0.8,1,-0.2,
,,,,0,
,L P W.,0,0,0,
,,,,0,
,?.?,0,,0,
,,,,0,
R N B,,,,0,
,,,,0,
,.R N B,0,0,0,
,,,,0,
,R.N B,0,0,0,
,,,,0,
,R N.B,1,1,0,
,,,,0,
,R N B.,0,0,0,
,,,,0,
,?.?,0,,0,
